customer_id,name,email,country,effective_from,effective_to,is_current
1,Noa Kok,noà.kok695@màil.nl,BE,2025-02-08,,1
2,Romy Vos,romy.vos344@mail.nl,UK,2024-12-01,2025-05-27,0
2,Romy Vos,romy.vos344@mail.nl,BE,2025-05-27,,1
3,Taylor Jansen,taylor.jansen57@corp.local,NL,2025-02-19,,1
4,Chris Visser,chris.visser148@retail.co.uk,BE,2025-01-22,,1
5,Lars Bos,lars.bos366@shop.eu,DE,2024-12-20,,1
6,Luuk Peters,luuk.peters310@retail.co.uk,NL,2024-12-19,,1
7,Casey Klein,casey.klein706@shop.eu,BE,2025-01-16,,1
8,Casey Mulder,casey.mulder337@example.com,DE,2025-01-24,,1
9,Drew Visser,drew.visser62@example.com,NL,2024-12-04,2025-05-17,0
9,Drew Visser,drew.visser62@example.com,FR,2025-05-17,,1
10,Kai van Dijk,kai.van.dijk615@example.com,BE,2025-01-25,,1
11,Sanne Klein,sanne.klein569@mail.nl,NL,2025-02-09,,1
12,Eva De Vries,eva.de.vries925@corp.local,BE,2025-02-17,2025-07-01,0
12,Eva De Vries,eva.de.vries925@corp.local,NL,2025-07-01,,1
13,Avery Willems,avery.willems821@example.com,DE,2025-01-08,,1
14,Luuk van Leeuwen,luuk.vàn.lééuwén945@corp.locàl,FR,2024-12-15,,1
15,Milan Meijer,milan.meijer108@shop.eu,DE,2024-11-29,,1
16,Jesse Smit,jesse.smit322@example.com,BE,2025-01-29,,1
17,Taylor Vos,taylor.vos681@retail.co.uk,FR,2024-12-02,,1
18,Finn Meijer,finn.meijer908@corp.local,DE,2025-02-16,,1
19,Eva Smit,eva.smit796@shop.eu,UK,2024-12-23,,1
20,Taylor Jansen,taylor.jansen350@shop.eu,UK,2024-12-28,,1
21,Drew Peters,drew.peters762@shop.eu,NL,2024-12-02,,1
22,Jesse Hendriks,jesse.hendriks821@corp.local,NL,2024-12-21,,1
23,Alex Meijer,alex.meijer109@shop.eu,FR,2025-03-10,,1
24,Sam Kuipers,sam.kuipers929@shop.eu,BE,2024-12-05,2025-08-11,0
24,Sam Kuipers,sam.kuipers929@shop.eu,NL,2025-08-11,,1
25,Casey Mulder,casey.mulder313@retail.co.uk,FR,2025-01-29,,1
26,Jordan Smit,,BE,2024-12-06,,1
27,Jamie Kuipers,jamie.kuipers240@retail.co.uk,UK,2025-03-12,,1
28,Jesse van Leeuwen,jesse.van.leeuwen781@mail.nl,DE,2024-11-25,,1
29,Jamie Peters,jamie.peters947@corp.local,UK,2025-01-11,,1
30,Luuk Maas,luuk.maas182@retail.co.uk,BE,2025-03-12,,1
31,Luuk Klein,luuk.klein116@retail.co.uk,UK,2025-02-27,,1
32,Jesse Visser,jesse.visser795@retail.co.uk,UK,2025-02-18,,1
33,Kai Willems,kài.willéms473@rétàil.co.uk,FR,2024-12-25,,1
34,Jamie Scholten,jamie.scholten684@shop.eu,NL,2025-02-21,,1
35,Sanne Vos,sanne.vos788@retail.co.uk,DE,2025-01-31,,1
36,Lars Bos,lars.bos957@mail.nl,DE,2025-02-24,,1
37,Noa Kuipers,noa.kuipers387@example.com,DE,2025-02-10,,1
38,Taylor De Vries,,BE,2025-01-18,,1
39,Robin Kuipers,,BE,2025-02-02,,1
40,Alex van Leeuwen,alex.van.leeuwen489@mail.nl,UK,2024-12-15,,1
41,Robin Kok,robin.kok829@retail.co.uk,UK,2025-01-22,,1
42,Romy Smit,romy.smit933@corp.local,NL,2024-11-22,2025-06-18,0
42,Romy Smit,romy.smit933@corp.local,FR,2025-06-18,,1
43,Eva van Dijk,eva.van.dijk340@corp.local,UK,2025-03-10,,1
44,Romy Vos,romy.vos225@mail.nl,NL,2025-03-05,,1
45,Chris Willems,chris.willéms842@shop.éu,FR,2025-01-29,,1
46,Finn Peters,finn.peters266@example.com,FR,2025-01-16,,1
47,Romy Kuipers,romy.kuipers798@corp.local,FR,2024-12-31,,1
48,Alex De Vries,alex.de.vries85@retail.co.uk,UK,2025-01-16,,1
49,Sam Peters,sàm.pétérs99@éxàmplé.com,FR,2024-12-22,2025-07-03,0
49,Sam Peters,sàm.pétérs99@éxàmplé.com,BE,2025-07-03,,1
50,Romy van Dijk,romy.vàn.dijk154@màil.nl,UK,2025-01-01,,1
51,Milan De Vries,milàn.dé.vriés762@corp.locàl,UK,2025-03-05,,1
52,Jesse van Dijk,,UK,2025-03-04,,1
53,Sam Mulder,sam.mulder763@shop.eu,FR,2024-12-05,,1
54,Finn Smit,finn.smit887@mail.nl,FR,2025-01-17,,1
55,Luuk Vos,luuk.vos428@retail.co.uk,BE,2025-01-23,,1
56,Lars Visser,lars.visser121@corp.local,DE,2025-01-26,,1
57,Finn Peters,finn.peters306@mail.nl,DE,2025-02-27,,1
58,Jamie De Vries,,FR,2025-02-08,,1
59,Jesse Peters,jesse.peters615@example.com,UK,2025-02-24,,1
60,Casey De Vries,càséy.dé.vriés98@éxàmplé.com,FR,2025-03-03,,1
61,Avery Klein,avery.klein199@shop.eu,NL,2024-12-01,,1
62,Eva van Leeuwen,eva.van.leeuwen319@shop.eu,UK,2025-01-20,,1
63,Noa de Boer,noà.dé.boér66@corp.locàl,FR,2024-12-19,2025-06-17,0
63,Noa de Boer,noà.dé.boér66@corp.locàl,DE,2025-06-17,,1
64,Alex Mulder,alex.mulder202@example.com,DE,2025-03-12,2025-07-29,0
64,Alex Mulder,alex.mulder202@example.com,NL,2025-07-29,,1
65,Avery Mulder,avery.mulder105@example.com,UK,2024-11-19,2025-05-19,0
65,Avery Mulder,avery.mulder105@example.com,NL,2025-05-19,,1
66,Sanne Hendriks,sanne.hendriks826@mail.nl,DE,2025-01-25,2025-06-24,0
66,Sanne Hendriks,sanne.hendriks826@mail.nl,FR,2025-06-24,,1
67,Chris Jansen,chris.jansen419@shop.eu,NL,2024-11-21,2025-05-28,0
67,Chris Jansen,chris.jansen419@shop.eu,BE,2025-05-28,,1
68,Jamie De Vries,jamie.de.vries799@corp.local,NL,2024-12-24,,1
69,Noa Bos,noa.bos345@example.com,BE,2024-12-17,,1
70,Taylor Mulder,taylor.mulder858@corp.local,NL,2024-11-22,,1
71,Romy Bakker,romy.bakker599@mail.nl,NL,2024-12-19,,1
72,Eva Hendriks,eva.hendriks663@retail.co.uk,FR,2024-11-23,,1
73,Romy Kok,romy.kok982@shop.eu,BE,2025-01-06,,1
74,Drew Scholten,,BE,2025-02-16,,1
75,Finn van Leeuwen,finn.van.leeuwen450@shop.eu,NL,2025-01-07,,1
76,Milan Meijer,milan.meijer906@shop.eu,UK,2024-12-09,,1
77,Sanne Mulder,sanne.mulder484@shop.eu,NL,2024-12-10,,1
78,Sanne Kok,sanne.kok756@retail.co.uk,DE,2025-02-28,,1
79,Jamie de Boer,jamie.de.boer847@retail.co.uk,BE,2024-12-24,,1
80,Drew Maas,drew.maas248@mail.nl,DE,2025-01-19,,1
81,Robin Kuipers,robin.kuipers145@mail.nl,DE,2025-02-27,,1
82,Kai Hendriks,kai.hendriks430@corp.local,NL,2025-02-03,,1
83,Robin Vos,robin.vos409@rétàil.co.uk,NL,2025-01-28,,1
84,Milan de Boer,milàn.dé.boér372@corp.locàl,DE,2025-02-14,,1
85,Luuk Maas,luuk.maas654@example.com,DE,2025-02-27,,1
86,Robin Mulder,,NL,2025-02-20,2025-10-06,0
86,Robin Mulder,,FR,2025-10-06,,1
87,Romy Bos,romy.bos149@corp.locàl,FR,2025-02-25,,1
88,Lars Kuipers,làrs.kuipérs885@rétàil.co.uk,UK,2025-01-04,,1
89,Jordan Smit,jordan.smit119@example.com,UK,2025-02-24,,1
90,Sanne Kok,sanne.kok404@mail.nl,NL,2025-01-19,,1
91,Romy Smit,romy.smit709@mail.nl,DE,2024-12-23,,1
92,Lars Maas,lars.maas126@mail.nl,UK,2025-02-18,,1
93,Drew Bakker,,NL,2025-01-06,,1
94,Robin Meijer,robin.meijer460@example.com,NL,2024-12-14,2025-05-28,0
94,Robin Meijer,robin.meijer460@example.com,BE,2025-05-28,,1
95,Romy Bakker,romy.bàkkér984@màil.nl,FR,2025-02-25,,1
96,Chris Scholten,chris.scholten923@corp.local,FR,2025-02-28,2025-07-24,0
96,Chris Scholten,chris.scholten923@corp.local,DE,2025-07-24,,1
97,Romy van Dijk,romy.van.dijk389@corp.local,DE,2025-02-05,,1
98,Avery Meijer,àvéry.méijér351@corp.locàl,BE,2025-01-13,,1
99,Jamie Kok,jamie.kok851@retail.co.uk,FR,2024-12-02,2025-04-10,0
99,Jamie Kok,jamie.kok851@retail.co.uk,DE,2025-04-10,,1
100,Robin Jansen,robin.jansen25@corp.local,NL,2024-11-18,,1
101,Casey Jansen,casey.jansen977@retail.co.uk,DE,2025-03-03,,1
102,Kai Kok,kai.kok437@retail.co.uk,BE,2025-02-09,,1
103,Finn Smit,finn.smit809@example.com,DE,2024-12-26,,1
104,Finn Peters,finn.pétérs223@corp.locàl,BE,2024-12-15,,1
105,Kai Hendriks,kai.hendriks208@example.com,DE,2024-12-01,,1
106,Jesse Jansen,,FR,2024-11-18,,1
107,Sanne Mulder,sanne.mulder347@retail.co.uk,DE,2025-03-06,2025-10-04,0
107,Sanne Mulder,sanne.mulder347@retail.co.uk,FR,2025-10-04,,1
108,Robin Vos,robin.vos439@retail.co.uk,NL,2024-11-29,,1
109,Kai Kok,kai.kok916@retail.co.uk,DE,2025-02-21,,1
110,Jesse Willems,jesse.willems637@mail.nl,DE,2025-02-22,,1
111,Jamie Jansen,jamie.jansen443@corp.local,NL,2025-01-18,2025-07-02,0
111,Jamie Jansen,jamie.jansen443@corp.local,BE,2025-07-02,,1
112,Taylor Kuipers,taylor.kuipers588@retail.co.uk,BE,2024-12-31,,1
113,Jesse Peters,jesse.peters302@retail.co.uk,BE,2025-01-07,,1
114,Alex Bos,alex.bos645@example.com,NL,2024-11-24,,1
115,Romy Hendriks,romy.héndriks569@màil.nl,NL,2025-03-14,,1
116,Chris De Vries,chris.de.vries95@corp.local,NL,2025-01-09,,1
117,Jordan Maas,jordan.maas798@shop.eu,UK,2025-02-06,,1
118,Alex Smit,alex.smit363@retail.co.uk,UK,2025-01-15,,1
119,Lars Jansen,lars.jansen33@corp.local,FR,2024-12-16,,1
120,Robin Visser,,DE,2025-01-02,,1
121,Luuk Jansen,luuk.jansen386@retail.co.uk,UK,2025-01-02,,1
122,Casey Hendriks,,UK,2024-12-14,,1
123,Jesse Hendriks,jesse.hendriks922@example.com,DE,2025-03-13,,1
124,Jesse Kok,jéssé.kok228@màil.nl,BE,2025-01-05,,1
125,Sanne de Boer,sanne.de.boer864@retail.co.uk,FR,2025-03-14,,1
126,Finn de Boer,finn.de.boer429@shop.eu,BE,2024-11-25,,1
127,Romy Kok,romy.kok823@retail.co.uk,DE,2024-12-16,,1
128,Lars Smit,làrs.smit644@corp.locàl,DE,2025-02-18,2025-08-04,0
128,Lars Smit,làrs.smit644@corp.locàl,BE,2025-08-04,,1
129,Romy Klein,romy.klein568@mail.nl,FR,2025-01-20,,1
130,Chris Vos,chris.vos78@éxàmplé.com,DE,2025-01-16,2025-06-21,0
130,Chris Vos,chris.vos78@éxàmplé.com,UK,2025-06-21,,1
131,Chris Vos,chris.vos478@shop.eu,BE,2024-12-07,,1
132,Jamie de Boer,jamie.de.boer87@mail.nl,BE,2024-12-09,,1
133,Sam de Boer,sam.de.boer729@retail.co.uk,UK,2025-02-12,2025-08-02,0
133,Sam de Boer,sam.de.boer729@retail.co.uk,FR,2025-08-02,,1
134,Chris de Boer,chris.de.boer523@retail.co.uk,FR,2025-02-15,,1
135,Avery Hendriks,àvéry.héndriks445@corp.locàl,BE,2025-01-16,2025-05-24,0
135,Avery Hendriks,àvéry.héndriks445@corp.locàl,NL,2025-05-24,,1
136,Jesse De Vries,jesse.de.vries813@shop.eu,UK,2025-01-26,,1
137,Jordan Jansen,jordan.jansen39@mail.nl,BE,2025-02-07,,1
138,Drew Bos,drew.bos286@corp.local,BE,2024-11-23,,1
139,Casey Willems,,UK,2024-12-07,,1
140,Jordan Jansen,jordan.jansen179@corp.local,BE,2025-02-07,,1
141,Kai Bakker,kai.bakker70@example.com,UK,2025-02-17,,1
142,Kai Scholten,,DE,2025-02-28,,1
143,Jordan Vos,jordan.vos730@example.com,FR,2024-12-02,,1
144,Jordan Kuipers,jordan.kuipers913@retail.co.uk,DE,2024-12-08,,1
145,Eva Willems,eva.willems391@shop.eu,BE,2024-12-23,,1
146,Noa Kuipers,noa.kuipers728@shop.eu,BE,2024-11-28,,1
147,Drew Hendriks,,BE,2025-02-04,,1
148,Lars Klein,lars.klein598@shop.eu,BE,2025-03-05,,1
149,Taylor Vos,taylor.vos595@example.com,NL,2024-12-31,,1
150,Casey Bos,,NL,2025-03-16,,1
151,Noa Vos,noa.vos252@mail.nl,NL,2024-12-14,,1
152,Eva Vos,eva.vos689@shop.eu,FR,2024-12-15,,1
153,Eva Kok,,DE,2024-12-05,,1
154,Sam Maas,sàm.mààs923@rétàil.co.uk,DE,2024-12-21,2025-08-07,0
154,Sam Maas,sàm.mààs923@rétàil.co.uk,FR,2025-08-07,,1
155,Eva Vos,eva.vos558@mail.nl,NL,2025-02-17,,1
156,Avery van Leeuwen,avery.van.leeuwen353@shop.eu,NL,2024-11-20,,1
157,Milan Kuipers,milan.kuipers639@example.com,FR,2024-11-22,,1
158,Kai Vos,kai.vos445@corp.local,UK,2025-01-09,,1
159,Sanne Bakker,sanne.bakker719@mail.nl,BE,2025-01-05,2025-06-07,0
159,Sanne Bakker,sanne.bakker719@mail.nl,NL,2025-06-07,,1
160,Robin Mulder,robin.mulder57@shop.eu,UK,2024-12-24,,1
161,Jesse van Leeuwen,,DE,2024-12-25,,1
162,Alex van Dijk,alex.van.dijk852@mail.nl,FR,2025-03-06,,1
163,Jesse de Boer,jesse.de.boer995@example.com,UK,2024-11-29,2025-05-08,0
163,Jesse de Boer,jesse.de.boer995@example.com,DE,2025-05-08,,1
164,Sam van Leeuwen,sam.van.leeuwen963@mail.nl,NL,2025-01-06,,1
165,Sanne de Boer,sanne.de.boer721@corp.local,DE,2024-12-12,,1
166,Sam Meijer,sam.meijer628@corp.local,DE,2024-12-10,2025-06-11,0
166,Sam Meijer,sam.meijer628@corp.local,UK,2025-06-11,,1
167,Jamie van Leeuwen,jamie.van.leeuwen32@corp.local,NL,2024-12-03,2025-04-26,0
167,Jamie van Leeuwen,jamie.van.leeuwen32@corp.local,FR,2025-04-26,,1
168,Chris Kuipers,chris.kuipers535@shop.eu,FR,2025-02-27,,1
169,Taylor van Dijk,taylor.van.dijk31@mail.nl,UK,2025-01-10,2025-07-09,0
169,Taylor van Dijk,taylor.van.dijk31@mail.nl,BE,2025-07-09,,1
170,Lars Scholten,lars.scholten479@corp.local,DE,2025-01-08,,1
171,Chris van Leeuwen,chris.van.leeuwen446@mail.nl,DE,2025-01-25,,1
172,Alex Smit,alex.smit859@mail.nl,FR,2025-01-20,,1
173,Sam Scholten,sam.scholten147@corp.local,UK,2025-02-10,,1
174,Lars Visser,lars.visser811@shop.eu,BE,2025-03-03,,1
175,Casey van Dijk,casey.van.dijk462@example.com,FR,2024-12-09,2025-05-26,0
175,Casey van Dijk,casey.van.dijk462@example.com,NL,2025-05-26,,1
176,Avery Smit,avery.smit842@mail.nl,UK,2024-12-23,,1
177,Jesse Klein,jesse.klein154@shop.eu,BE,2025-01-10,,1
178,Finn Kok,,NL,2024-12-10,,1
179,Finn Maas,finn.maas693@retail.co.uk,BE,2025-02-15,2025-09-13,0
179,Finn Maas,finn.maas693@retail.co.uk,FR,2025-09-13,,1
180,Luuk Kuipers,luuk.kuipers96@shop.eu,DE,2024-11-28,2025-08-15,0
180,Luuk Kuipers,luuk.kuipers96@shop.eu,FR,2025-08-15,,1
181,Drew Smit,drew.smit631@example.com,UK,2025-02-04,2025-07-27,0
181,Drew Smit,drew.smit631@example.com,FR,2025-07-27,,1
182,Lars van Dijk,lars.van.dijk432@shop.eu,NL,2024-12-06,,1
183,Eva Bakker,eva.bakker413@retail.co.uk,BE,2025-01-11,,1
184,Noa De Vries,noa.de.vries103@example.com,NL,2025-01-10,,1
185,Chris Hendriks,chris.héndriks193@shop.éu,UK,2024-12-09,,1
186,Jordan Kuipers,jordan.kuipers914@retail.co.uk,UK,2024-11-29,,1
187,Kai De Vries,kai.de.vries889@shop.eu,DE,2025-01-07,,1
188,Noa Peters,noa.peters83@corp.local,UK,2025-02-09,2025-09-26,0
188,Noa Peters,noa.peters83@corp.local,FR,2025-09-26,,1
189,Jordan Visser,jordan.visser32@shop.eu,UK,2025-02-05,,1
190,Casey van Dijk,casey.van.dijk156@mail.nl,BE,2024-12-11,,1
191,Casey Mulder,casey.mulder88@corp.local,DE,2024-12-10,2025-07-03,0
191,Casey Mulder,casey.mulder88@corp.local,FR,2025-07-03,,1
192,Eva Maas,eva.maas707@retail.co.uk,NL,2024-12-09,,1
193,Luuk de Boer,luuk.dé.boér249@corp.locàl,DE,2024-12-09,,1
194,Luuk Bakker,luuk.bakker644@retail.co.uk,UK,2025-01-29,,1
195,Finn Kuipers,finn.kuipers872@corp.local,DE,2025-02-10,,1
196,Luuk Vos,luuk.vos681@màil.nl,NL,2024-12-29,,1
197,Avery Kok,àvéry.kok317@rétàil.co.uk,DE,2025-03-06,,1
198,Kai De Vries,,UK,2024-11-23,,1
199,Finn van Leeuwen,finn.van.leeuwen608@shop.eu,DE,2025-02-13,,1
200,Jordan van Leeuwen,jordan.van.leeuwen517@retail.co.uk,UK,2025-02-05,,1
201,Casey De Vries,casey.de.vries209@corp.local,FR,2024-12-01,2025-06-09,0
201,Casey De Vries,casey.de.vries209@corp.local,NL,2025-06-09,,1
202,Taylor van Leeuwen,,NL,2025-01-29,,1
203,Kai Hendriks,kài.héndriks417@corp.locàl,NL,2024-12-21,,1
204,Chris Smit,,UK,2024-12-19,,1
205,Sam Peters,sam.peters73@retail.co.uk,UK,2025-01-30,,1
206,Chris Visser,chris.visser933@mail.nl,DE,2025-01-06,2025-08-17,0
206,Chris Visser,chris.visser933@mail.nl,BE,2025-08-17,,1
207,Eva Hendriks,eva.hendriks100@retail.co.uk,FR,2025-03-03,,1
208,Milan Maas,,BE,2025-02-24,,1
209,Sanne De Vries,sànné.dé.vriés684@shop.éu,FR,2025-01-14,,1
210,Romy Maas,romy.maas446@corp.local,UK,2025-01-19,,1
211,Romy De Vries,romy.de.vries782@mail.nl,DE,2024-11-22,,1
212,Drew Kok,drew.kok313@shop.eu,FR,2025-02-01,,1
213,Alex Maas,alex.maas445@mail.nl,UK,2024-12-02,,1
214,Noa De Vries,noa.de.vries325@shop.eu,FR,2025-01-11,2025-07-09,0
214,Noa De Vries,noa.de.vries325@shop.eu,BE,2025-07-09,,1
215,Robin Kok,robin.kok103@mail.nl,NL,2024-12-27,2025-07-28,0
215,Robin Kok,robin.kok103@mail.nl,UK,2025-07-28,,1
216,Lars Scholten,làrs.scholtén251@shop.éu,DE,2024-12-25,,1
217,Sanne Bos,sanne.bos395@shop.eu,DE,2025-01-21,,1
218,Casey van Dijk,casey.van.dijk266@retail.co.uk,FR,2024-12-07,,1
219,Luuk Scholten,luuk.scholten347@corp.local,DE,2025-01-22,,1
220,Casey Maas,casey.maas63@mail.nl,FR,2025-01-08,,1
221,Eva Meijer,eva.meijer131@example.com,NL,2025-01-04,,1
222,Eva Maas,eva.maas298@retail.co.uk,NL,2025-01-03,2025-09-12,0
222,Eva Maas,eva.maas298@retail.co.uk,BE,2025-09-12,,1
223,Finn van Leeuwen,finn.van.leeuwen649@retail.co.uk,FR,2024-11-20,,1
224,Luuk Kok,luuk.kok283@example.com,UK,2024-12-25,,1
225,Robin Visser,robin.visser354@retail.co.uk,DE,2024-11-25,,1
226,Luuk Willems,luuk.willems10@mail.nl,FR,2025-02-04,,1
227,Jordan Maas,jordan.maas116@example.com,FR,2025-01-05,,1
228,Kai Willems,kai.willems933@example.com,DE,2024-12-11,2025-05-20,0
228,Kai Willems,kai.willems933@example.com,UK,2025-05-20,,1
229,Lars Bakker,lars.bakker122@shop.eu,DE,2025-01-20,2025-10-20,0
229,Lars Bakker,lars.bakker122@shop.eu,BE,2025-10-20,,1
230,Luuk Kuipers,luuk.kuipérs751@màil.nl,NL,2025-02-14,2025-08-17,0
230,Luuk Kuipers,luuk.kuipérs751@màil.nl,DE,2025-08-17,,1
231,Jamie de Boer,,FR,2024-12-14,,1
232,Eva Willems,eva.willems894@mail.nl,UK,2025-01-10,2025-07-05,0
232,Eva Willems,eva.willems894@mail.nl,DE,2025-07-05,,1
233,Taylor Jansen,taylor.jansen465@example.com,UK,2025-01-30,,1
234,Robin Vos,robin.vos10@retail.co.uk,BE,2024-11-22,,1
235,Chris Bakker,,UK,2024-12-31,,1
236,Chris Kuipers,chris.kuipers90@corp.local,BE,2024-12-21,,1
237,Noa Hendriks,noa.hendriks408@example.com,BE,2024-12-17,,1
238,Drew van Leeuwen,drew.van.leeuwen711@retail.co.uk,NL,2025-03-17,,1
239,Alex De Vries,alex.de.vries36@mail.nl,BE,2025-03-13,,1
240,Taylor De Vries,taylor.de.vries26@retail.co.uk,UK,2025-01-31,,1
241,Milan Klein,milan.klein497@retail.co.uk,UK,2024-12-08,2025-09-03,0
241,Milan Klein,milan.klein497@retail.co.uk,BE,2025-09-03,,1
242,Noa Peters,noa.peters127@retail.co.uk,DE,2025-02-19,2025-07-27,0
242,Noa Peters,noa.peters127@retail.co.uk,NL,2025-07-27,,1
243,Romy van Dijk,romy.vàn.dijk114@màil.nl,NL,2024-12-18,,1
244,Sam Vos,sam.vos659@corp.local,BE,2024-12-23,,1
245,Jordan Bakker,jordan.bakker51@retail.co.uk,UK,2025-01-24,,1
246,Jesse Smit,jesse.smit13@corp.local,DE,2025-01-11,,1
247,Noa Meijer,noa.meijer198@corp.local,UK,2025-01-22,,1
248,Romy Peters,romy.peters716@corp.local,BE,2025-02-10,,1
249,Finn Meijer,finn.meijer664@corp.local,DE,2025-03-06,,1
250,Romy de Boer,romy.de.boer709@example.com,UK,2024-12-17,,1
251,Lars van Leeuwen,lars.van.leeuwen698@example.com,DE,2024-12-03,,1
252,Noa Maas,noa.maas546@corp.local,NL,2025-03-03,,1
253,Luuk Bos,,NL,2024-12-29,,1
254,Lars van Leeuwen,lars.van.leeuwen837@example.com,FR,2025-01-14,,1
255,Jesse Peters,jesse.peters389@retail.co.uk,BE,2025-02-02,2025-09-13,0
255,Jesse Peters,jesse.peters389@retail.co.uk,FR,2025-09-13,,1
256,Avery Kuipers,avery.kuipers369@example.com,FR,2025-01-05,,1
257,Chris Mulder,chris.mulder139@shop.eu,DE,2024-12-19,,1
258,Lars Klein,,NL,2025-02-07,,1
259,Noa Peters,noa.peters54@shop.eu,BE,2024-12-25,,1
260,Kai Kok,kai.kok382@shop.eu,BE,2024-12-22,,1
261,Alex De Vries,,DE,2024-12-22,2025-08-22,0
261,Alex De Vries,,UK,2025-08-22,,1
262,Finn Jansen,,NL,2025-01-12,2025-06-25,0
262,Finn Jansen,,BE,2025-06-25,,1
263,Kai Vos,kai.vos203@shop.eu,NL,2025-02-08,,1
264,Chris De Vries,chris.dé.vriés573@màil.nl,DE,2025-02-08,2025-08-25,0
264,Chris De Vries,chris.dé.vriés573@màil.nl,NL,2025-08-25,,1
265,Alex Bakker,alex.bakker262@mail.nl,BE,2025-03-12,,1
266,Jesse Jansen,jesse.jansen788@retail.co.uk,DE,2025-01-02,,1
267,Eva Mulder,évà.muldér170@rétàil.co.uk,BE,2025-02-11,,1
268,Casey Kok,casey.kok608@mail.nl,DE,2025-01-26,,1
269,Jamie Bos,jamie.bos665@corp.local,DE,2025-02-16,,1
270,Avery Kok,avery.kok680@mail.nl,BE,2025-01-01,,1
271,Avery Kuipers,avery.kuipers205@example.com,UK,2025-03-05,,1
272,Drew Hendriks,drew.hendriks655@mail.nl,FR,2025-02-04,,1
273,Sanne Klein,sanne.klein790@mail.nl,FR,2025-03-08,,1
274,Drew Peters,drew.peters73@shop.eu,BE,2025-01-30,2025-10-21,0
274,Drew Peters,drew.peters73@shop.eu,DE,2025-10-21,,1
275,Luuk Bakker,luuk.bakker312@mail.nl,DE,2025-02-10,,1
276,Drew Scholten,,BE,2024-12-19,,1
277,Kai Bos,kai.bos871@shop.eu,FR,2024-12-09,,1
278,Eva Kok,évà.kok755@rétàil.co.uk,FR,2025-02-17,,1
279,Sam Smit,sam.smit580@shop.eu,NL,2025-01-27,,1
280,Milan Willems,milan.willems117@example.com,FR,2025-02-17,2025-09-29,0
280,Milan Willems,milan.willems117@example.com,NL,2025-09-29,,1
281,Alex Bos,alex.bos480@example.com,NL,2024-12-21,,1
282,Noa Scholten,noa.scholten545@corp.local,NL,2024-11-21,,1
283,Eva Bakker,eva.bakker501@corp.local,DE,2025-02-05,,1
284,Avery De Vries,,BE,2024-12-06,,1
285,Jordan Meijer,jordan.meijer279@retail.co.uk,BE,2025-02-27,,1
286,Lars Bos,lars.bos176@mail.nl,FR,2025-02-05,2025-07-15,0
286,Lars Bos,lars.bos176@mail.nl,NL,2025-07-15,,1
287,Milan Peters,milan.peters608@corp.local,DE,2024-12-14,,1
288,Jordan Vos,jordan.vos89@corp.local,FR,2025-03-02,2025-09-07,0
288,Jordan Vos,jordan.vos89@corp.local,NL,2025-09-07,,1
289,Drew van Leeuwen,drew.van.leeuwen829@shop.eu,FR,2025-01-10,,1
290,Jesse Meijer,jesse.meijer58@example.com,UK,2025-02-05,,1
291,Robin Scholten,robin.scholten870@corp.local,FR,2025-03-01,,1
292,Jamie Kok,jamie.kok479@shop.eu,BE,2024-12-07,,1
293,Chris Bos,chris.bos595@mail.nl,UK,2024-12-23,,1
294,Luuk Maas,luuk.maas532@corp.local,UK,2025-02-18,,1
295,Avery Kok,àvéry.kok397@rétàil.co.uk,FR,2025-03-09,,1
296,Finn Peters,finn.peters786@shop.eu,NL,2024-12-12,,1
297,Jamie van Leeuwen,jamie.van.leeuwen256@corp.local,FR,2025-03-13,,1
298,Taylor Smit,taylor.smit488@shop.eu,FR,2025-01-08,,1
299,Drew Willems,drew.willems138@example.com,BE,2025-02-13,,1
300,Jordan van Dijk,jordan.van.dijk146@example.com,FR,2025-02-04,,1
301,Alex Meijer,alex.meijer345@corp.local,UK,2025-01-28,,1
302,Luuk Jansen,luuk.jansen155@example.com,NL,2025-02-01,2025-06-10,0
302,Luuk Jansen,luuk.jansen155@example.com,DE,2025-06-10,,1
303,Sam Maas,sam.maas32@shop.eu,FR,2024-12-01,,1
304,Kai Willems,,NL,2025-01-14,,1
305,Jamie Jansen,jamie.jansen380@example.com,BE,2024-12-07,,1
306,Jamie De Vries,jamie.de.vries431@mail.nl,DE,2024-12-30,,1
307,Sam De Vries,sam.de.vries578@example.com,UK,2025-03-09,,1
308,Sanne Maas,sanne.maas685@shop.eu,UK,2025-02-15,,1
309,Jesse Kok,jesse.kok968@retail.co.uk,UK,2025-02-15,2025-11-11,0
309,Jesse Kok,jesse.kok968@retail.co.uk,NL,2025-11-11,,1
310,Milan Mulder,milàn.muldér924@shop.éu,NL,2024-12-01,,1
311,Avery Vos,àvéry.vos21@rétàil.co.uk,NL,2024-12-21,,1
312,Romy Vos,romy.vos846@retail.co.uk,NL,2024-12-07,,1
313,Robin Scholten,robin.scholten965@corp.local,BE,2025-01-02,,1
314,Jamie Maas,jamie.maas872@example.com,NL,2025-01-29,,1
315,Jamie Bos,jamie.bos498@shop.eu,NL,2024-12-08,2025-06-06,0
315,Jamie Bos,jamie.bos498@shop.eu,FR,2025-06-06,,1
316,Avery De Vries,avery.de.vries600@example.com,BE,2025-02-15,,1
317,Milan Willems,milan.willems799@retail.co.uk,BE,2025-01-20,,1
318,Noa Bos,noa.bos600@retail.co.uk,DE,2025-02-01,2025-06-26,0
318,Noa Bos,noa.bos600@retail.co.uk,FR,2025-06-26,,1
319,Chris Kok,chris.kok630@corp.local,DE,2025-02-22,,1
320,Noa Bos,noà.bos188@màil.nl,FR,2024-11-23,,1
321,Sanne De Vries,sanne.de.vries243@example.com,NL,2025-03-16,,1
322,Finn Maas,finn.maas514@example.com,DE,2024-12-14,,1
323,Lars Willems,làrs.willéms204@rétàil.co.uk,BE,2025-01-11,,1
324,Taylor De Vries,taylor.de.vries527@mail.nl,DE,2025-01-15,,1
325,Taylor Scholten,tàylor.scholtén693@rétàil.co.uk,NL,2025-03-07,,1
326,Luuk De Vries,luuk.de.vries234@retail.co.uk,BE,2025-02-07,2025-06-13,0
326,Luuk De Vries,luuk.de.vries234@retail.co.uk,FR,2025-06-13,,1
327,Casey Hendriks,casey.hendriks229@shop.eu,NL,2025-03-08,,1
328,Casey Mulder,casey.mulder209@corp.local,DE,2025-01-14,2025-09-30,0
328,Casey Mulder,casey.mulder209@corp.local,BE,2025-09-30,,1
329,Sanne Hendriks,sanne.hendriks697@corp.local,FR,2025-02-25,,1
330,Casey Mulder,casey.mulder432@shop.eu,NL,2025-02-09,2025-06-23,0
330,Casey Mulder,casey.mulder432@shop.eu,UK,2025-06-23,,1
331,Lars Hendriks,lars.hendriks799@corp.local,DE,2024-12-26,,1
332,Eva Hendriks,eva.hendriks216@example.com,FR,2024-12-19,,1
333,Eva Klein,eva.klein466@corp.local,NL,2025-01-27,,1
334,Robin Jansen,robin.jansen700@corp.local,FR,2024-12-29,2025-07-21,0
334,Robin Jansen,robin.jansen700@corp.local,DE,2025-07-21,,1
335,Luuk de Boer,luuk.de.boer206@example.com,FR,2024-12-07,,1
336,Jordan Vos,jordan.vos466@corp.local,UK,2024-12-20,,1
337,Jordan Visser,jordan.visser834@corp.local,NL,2025-03-12,,1
338,Jordan Kuipers,jordan.kuipers781@example.com,DE,2024-12-05,,1
339,Jordan Kuipers,jordan.kuipers954@retail.co.uk,DE,2025-01-13,,1
340,Chris Visser,,FR,2025-01-04,,1
341,Sanne Kuipers,sanne.kuipers199@example.com,UK,2025-01-08,,1
342,Finn van Dijk,finn.van.dijk460@shop.eu,UK,2024-12-22,2025-05-14,0
342,Finn van Dijk,finn.van.dijk460@shop.eu,NL,2025-05-14,,1
343,Noa de Boer,noa.de.boer174@example.com,DE,2025-01-06,,1
344,Kai Maas,kai.maas309@corp.local,FR,2025-01-15,,1
345,Lars de Boer,lars.de.boer838@retail.co.uk,UK,2025-02-03,2025-10-13,0
345,Lars de Boer,lars.de.boer838@retail.co.uk,DE,2025-10-13,,1
346,Kai van Leeuwen,,FR,2024-12-11,2025-05-21,0
346,Kai van Leeuwen,,BE,2025-05-21,,1
347,Eva Meijer,eva.meijer19@mail.nl,UK,2025-02-10,,1
348,Romy Kok,romy.kok946@mail.nl,NL,2025-02-08,,1
349,Taylor Willems,taylor.willems979@mail.nl,NL,2025-03-12,,1
350,Alex Peters,alex.peters762@example.com,UK,2024-12-07,,1
351,Jordan Visser,jordan.visser402@retail.co.uk,NL,2024-12-06,2025-05-03,0
351,Jordan Visser,jordan.visser402@retail.co.uk,DE,2025-05-03,,1
352,Casey Meijer,casey.meijer50@retail.co.uk,BE,2025-03-14,,1
353,Eva Peters,eva.peters917@corp.local,FR,2025-01-17,,1
354,Avery Kuipers,àvéry.kuipérs242@shop.éu,DE,2025-03-02,,1
355,Milan van Leeuwen,milan.van.leeuwen381@mail.nl,UK,2025-01-09,2025-10-06,0
355,Milan van Leeuwen,milan.van.leeuwen381@mail.nl,NL,2025-10-06,,1
356,Kai De Vries,kai.de.vries148@corp.local,BE,2024-11-22,,1
357,Drew Mulder,drew.mulder978@corp.local,FR,2024-11-21,,1
358,Romy Hendriks,romy.hendriks466@shop.eu,NL,2025-01-08,,1
359,Avery Bos,avery.bos380@retail.co.uk,UK,2025-02-19,,1
360,Romy van Dijk,romy.van.dijk757@shop.eu,NL,2025-01-29,,1
361,Lars Visser,lars.visser757@example.com,NL,2025-02-11,2025-10-26,0
361,Lars Visser,lars.visser757@example.com,BE,2025-10-26,,1
362,Alex Bos,alex.bos510@example.com,NL,2025-01-31,,1
363,Casey Bos,casey.bos102@retail.co.uk,NL,2025-01-25,,1
364,Noa Klein,noa.klein767@retail.co.uk,BE,2024-12-10,,1
365,Taylor Smit,taylor.smit516@mail.nl,NL,2025-02-06,2025-06-18,0
365,Taylor Smit,taylor.smit516@mail.nl,DE,2025-06-18,,1
366,Jordan Visser,jordan.visser697@corp.local,DE,2025-03-10,,1
367,Finn Kuipers,finn.kuipérs288@éxàmplé.com,BE,2024-12-30,2025-06-11,0
367,Finn Kuipers,finn.kuipérs288@éxàmplé.com,NL,2025-06-11,,1
368,Lars Meijer,lars.meijer147@corp.local,FR,2025-01-29,,1
369,Milan Meijer,,UK,2025-03-02,,1
370,Kai Vos,kai.vos864@mail.nl,NL,2025-01-03,,1
371,Lars Maas,lars.maas385@corp.local,DE,2025-02-25,,1
372,Eva Jansen,eva.jansen887@example.com,DE,2024-12-24,,1
373,Sam van Dijk,sam.van.dijk332@mail.nl,FR,2024-12-04,,1
374,Casey Jansen,casey.jansen39@shop.eu,BE,2025-02-21,,1
375,Kai Klein,kai.klein365@retail.co.uk,NL,2025-01-17,,1
376,Sam Kok,sam.kok481@retail.co.uk,NL,2024-12-22,,1
377,Sam van Leeuwen,sam.van.leeuwen686@corp.local,BE,2025-03-03,,1
378,Chris Kuipers,,BE,2025-03-05,,1
379,Drew Bakker,,BE,2024-12-26,,1
380,Drew Hendriks,dréw.héndriks538@màil.nl,BE,2024-11-25,,1
381,Taylor Mulder,taylor.mulder309@retail.co.uk,UK,2025-02-21,,1
382,Jesse Visser,jesse.visser539@mail.nl,UK,2024-12-05,,1
383,Kai van Dijk,,FR,2025-02-14,,1
384,Sanne Bakker,sanne.bakker79@retail.co.uk,DE,2024-12-12,,1
385,Casey Vos,,NL,2025-03-17,,1
386,Jordan Visser,jordan.visser645@shop.eu,UK,2025-03-10,,1
387,Casey Mulder,casey.mulder245@mail.nl,UK,2024-12-30,,1
388,Chris Bos,chris.bos87@example.com,UK,2025-02-05,,1
389,Sanne Klein,sanne.klein37@mail.nl,UK,2024-12-13,,1
390,Chris Maas,chris.maas841@retail.co.uk,UK,2025-01-13,,1
391,Casey Smit,casey.smit156@retail.co.uk,NL,2025-03-08,,1
392,Sanne Bos,sànné.bos783@éxàmplé.com,NL,2025-03-04,,1
393,Jordan Hendriks,jordan.hendriks146@corp.local,UK,2025-01-01,,1
394,Finn Mulder,finn.mulder225@shop.eu,NL,2024-12-16,,1
395,Jesse Peters,,BE,2024-12-18,,1
396,Avery Bos,avery.bos745@shop.eu,UK,2025-02-11,,1
397,Kai van Leeuwen,kai.van.leeuwen564@example.com,BE,2024-12-30,,1
398,Sanne Mulder,,UK,2025-03-04,,1
399,Jordan Scholten,,BE,2024-12-09,2025-09-09,0
399,Jordan Scholten,,NL,2025-09-09,,1
400,Sam De Vries,sàm.dé.vriés611@shop.éu,NL,2024-11-19,,1
401,Jordan Mulder,jordan.mulder122@mail.nl,UK,2025-03-14,,1
402,Milan Willems,milan.willems16@retail.co.uk,BE,2025-02-13,,1
403,Drew Willems,drew.willems852@shop.eu,UK,2025-01-04,2025-06-05,0
403,Drew Willems,drew.willems852@shop.eu,NL,2025-06-05,,1
404,Sam Maas,sàm.mààs117@corp.locàl,BE,2025-02-15,,1
405,Chris Kuipers,,BE,2025-01-08,,1
406,Sanne Peters,sanne.peters929@retail.co.uk,NL,2025-02-26,2025-11-03,0
406,Sanne Peters,sanne.peters929@retail.co.uk,DE,2025-11-03,,1
407,Alex van Dijk,alex.van.dijk37@example.com,BE,2025-02-08,,1
408,Milan Smit,,FR,2024-11-24,2025-07-31,0
408,Milan Smit,,BE,2025-07-31,,1
409,Casey Visser,casey.visser754@shop.eu,BE,2025-03-12,,1
410,Taylor de Boer,taylor.de.boer584@corp.local,NL,2025-03-06,,1
411,Drew Klein,drew.klein969@retail.co.uk,UK,2025-02-22,,1
412,Noa Smit,noa.smit299@corp.local,NL,2025-02-23,,1
413,Eva Smit,eva.smit907@example.com,NL,2025-01-30,2025-09-27,0
413,Eva Smit,eva.smit907@example.com,UK,2025-09-27,,1
414,Alex Maas,alex.maas143@retail.co.uk,BE,2024-12-12,,1
415,Sam Kuipers,sam.kuipers520@shop.eu,DE,2025-02-18,,1
416,Chris Bakker,chris.bakker576@retail.co.uk,BE,2025-01-10,,1
417,Lars Mulder,lars.mulder193@retail.co.uk,NL,2025-02-04,,1
418,Milan van Dijk,milan.van.dijk23@corp.local,BE,2024-12-08,,1
419,Eva van Leeuwen,,UK,2025-01-15,,1
420,Milan Bos,milan.bos361@shop.eu,FR,2025-02-24,2025-10-28,0
420,Milan Bos,milan.bos361@shop.eu,UK,2025-10-28,,1
421,Taylor Kok,taylor.kok506@example.com,UK,2025-01-27,,1
422,Jesse Peters,jesse.peters485@retail.co.uk,UK,2024-11-23,,1
423,Drew Smit,,BE,2025-02-13,2025-08-02,0
423,Drew Smit,,NL,2025-08-02,,1
424,Jordan van Leeuwen,jordan.van.leeuwen393@mail.nl,FR,2025-01-07,2025-07-05,0
424,Jordan van Leeuwen,jordan.van.leeuwen393@mail.nl,DE,2025-07-05,,1
425,Sam Meijer,sam.meijer167@corp.local,UK,2024-11-28,,1
426,Chris Maas,chris.maas277@shop.eu,UK,2025-01-18,,1
427,Drew Meijer,drew.meijer817@corp.local,DE,2025-01-07,,1
428,Sam van Leeuwen,sam.van.leeuwen84@corp.local,FR,2025-03-01,2025-10-10,0
428,Sam van Leeuwen,sam.van.leeuwen84@corp.local,NL,2025-10-10,,1
429,Chris Kok,,FR,2025-03-07,,1
430,Jordan Scholten,jordàn.scholtén805@màil.nl,DE,2025-01-05,,1
431,Lars Klein,lars.klein391@example.com,UK,2024-12-09,,1
432,Drew Kuipers,,FR,2025-02-02,2025-07-05,0
432,Drew Kuipers,,UK,2025-07-05,,1
433,Taylor van Dijk,taylor.van.dijk187@retail.co.uk,FR,2025-03-15,,1
434,Kai Mulder,kài.muldér916@rétàil.co.uk,DE,2025-03-02,,1
435,Noa Meijer,,NL,2024-12-05,,1
436,Milan Scholten,milan.scholten915@example.com,NL,2025-02-12,,1
437,Robin Meijer,robin.meijer985@retail.co.uk,FR,2024-12-11,,1
438,Kai Peters,kai.peters756@retail.co.uk,FR,2025-03-16,,1
439,Avery Kok,avery.kok316@mail.nl,UK,2025-02-06,,1
440,Jordan Kuipers,jordàn.kuipérs295@éxàmplé.com,UK,2025-03-08,,1
441,Finn Scholten,,BE,2025-03-07,,1
442,Kai Hendriks,kai.hendriks644@retail.co.uk,NL,2025-02-25,,1
443,Alex Willems,,NL,2025-01-12,,1
444,Sam Hendriks,sam.hendriks299@corp.local,DE,2024-12-26,,1
445,Jesse Vos,jesse.vos233@retail.co.uk,FR,2025-01-12,,1
446,Sanne Maas,,BE,2024-12-21,,1
447,Lars de Boer,lars.de.boer624@mail.nl,UK,2025-01-22,,1
448,Sam Bakker,sam.bakker145@shop.eu,BE,2025-01-16,,1
449,Sam van Dijk,sam.van.dijk963@shop.eu,FR,2025-01-06,,1
450,Milan Jansen,milan.jansen888@example.com,UK,2024-12-18,,1
451,Jordan Scholten,jordan.scholten922@corp.local,FR,2024-12-08,,1
452,Kai Visser,kai.visser767@mail.nl,BE,2025-01-06,,1
453,Milan Scholten,,NL,2025-01-18,,1
454,Sanne Kok,sanne.kok481@retail.co.uk,FR,2025-01-20,,1
455,Jesse de Boer,jesse.de.boer505@example.com,FR,2025-03-10,,1
456,Milan Peters,milan.peters567@mail.nl,BE,2024-12-26,,1
457,Avery Bakker,avery.bakker24@shop.eu,DE,2024-11-23,,1
458,Luuk Hendriks,luuk.hendriks432@shop.eu,UK,2024-11-18,,1
459,Romy Bos,,BE,2025-03-04,2025-08-04,0
459,Romy Bos,,NL,2025-08-04,,1
460,Chris van Dijk,chris.van.dijk746@mail.nl,BE,2025-01-09,,1
461,Finn Peters,finn.pétérs503@shop.éu,NL,2024-11-25,,1
462,Robin Vos,robin.vos94@retail.co.uk,FR,2025-02-13,,1
463,Milan van Leeuwen,milan.van.leeuwen654@mail.nl,BE,2025-02-11,2025-08-03,0
463,Milan van Leeuwen,milan.van.leeuwen654@mail.nl,NL,2025-08-03,,1
464,Finn De Vries,finn.de.vries567@shop.eu,NL,2025-03-09,2025-08-13,0
464,Finn De Vries,finn.de.vries567@shop.eu,UK,2025-08-13,,1
465,Jesse Scholten,jesse.scholten315@retail.co.uk,BE,2025-02-05,,1
466,Lars Peters,lars.peters299@corp.local,BE,2024-12-30,,1
467,Jordan van Dijk,jordan.van.dijk699@corp.local,DE,2025-02-01,,1
468,Jamie Willems,jamie.willems103@shop.eu,DE,2024-12-17,,1
469,Romy Maas,,NL,2025-01-16,,1
470,Jordan Willems,jordan.willems220@example.com,NL,2025-03-13,,1
471,Jesse Scholten,jesse.scholten533@retail.co.uk,DE,2025-01-04,,1
472,Eva Mulder,eva.mulder934@corp.local,FR,2024-12-31,,1
473,Romy Maas,romy.maas729@shop.eu,FR,2025-01-12,,1
474,Jamie De Vries,jamie.de.vries783@corp.local,NL,2025-02-22,2025-07-22,0
474,Jamie De Vries,jamie.de.vries783@corp.local,BE,2025-07-22,,1
475,Taylor de Boer,taylor.de.boer767@example.com,BE,2024-12-20,,1
476,Noa Peters,noa.peters656@example.com,FR,2024-12-19,,1
477,Jordan Kuipers,jordan.kuipers378@shop.eu,DE,2024-12-27,,1
478,Luuk van Leeuwen,luuk.van.leeuwen204@example.com,FR,2024-12-31,,1
479,Jordan Klein,jordan.klein239@shop.eu,BE,2024-12-17,,1
480,Milan Scholten,milàn.scholtén814@éxàmplé.com,UK,2025-01-05,,1
481,Eva Kok,eva.kok344@mail.nl,UK,2024-12-27,,1
482,Jesse Willems,jesse.willems266@retail.co.uk,BE,2025-01-22,,1
483,Kai Jansen,kai.jansen132@corp.local,NL,2025-01-03,,1
484,Sam de Boer,sam.de.boer601@corp.local,FR,2025-01-18,,1
485,Luuk van Leeuwen,luuk.van.leeuwen659@shop.eu,BE,2024-11-26,,1
486,Finn Kuipers,finn.kuipers893@retail.co.uk,NL,2025-03-09,,1
487,Robin Willems,,UK,2025-03-05,2025-09-08,0
487,Robin Willems,,FR,2025-09-08,,1
488,Romy Bakker,romy.bakker82@corp.local,BE,2025-02-06,,1
489,Chris Kuipers,chris.kuipérs765@màil.nl,NL,2025-01-27,,1
490,Eva Bos,évà.bos719@corp.locàl,FR,2025-01-22,,1
491,Eva Mulder,eva.mulder822@example.com,BE,2025-03-03,,1
492,Sanne Hendriks,sanne.hendriks563@shop.eu,FR,2025-01-23,,1
493,Kai Bos,kai.bos896@example.com,FR,2025-03-04,,1
494,Robin Bos,robin.bos703@shop.eu,UK,2025-03-02,,1
495,Jordan Peters,jordan.peters923@shop.eu,BE,2024-12-21,,1
496,Jesse Jansen,jesse.jansen114@mail.nl,UK,2025-01-15,2025-08-07,0
496,Jesse Jansen,jesse.jansen114@mail.nl,BE,2025-08-07,,1
497,Noa Maas,,DE,2024-12-12,,1
498,Romy Bos,romy.bos795@corp.local,DE,2024-12-19,2025-06-20,0
498,Romy Bos,romy.bos795@corp.local,BE,2025-06-20,,1
499,Kai Bakker,kai.bakker866@retail.co.uk,DE,2025-01-17,,1
500,Alex Vos,alex.vos758@example.com,DE,2025-02-15,2025-07-04,0
500,Alex Vos,alex.vos758@example.com,BE,2025-07-04,,1
501,Robin van Leeuwen,robin.van.leeuwen351@corp.local,NL,2025-02-28,,1
502,Finn Meijer,finn.meijer642@retail.co.uk,FR,2025-03-05,,1
503,Drew van Leeuwen,drew.van.leeuwen495@mail.nl,NL,2024-12-30,,1
504,Eva Kuipers,évà.kuipérs172@rétàil.co.uk,UK,2025-01-01,,1
505,Jamie Kok,jamie.kok880@corp.local,FR,2025-01-15,,1
506,Romy Vos,romy.vos795@retail.co.uk,DE,2024-12-29,,1
507,Lars De Vries,lars.de.vries842@retail.co.uk,FR,2024-12-21,,1
508,Jordan De Vries,jordan.de.vries377@retail.co.uk,DE,2025-02-01,,1
509,Jordan De Vries,jordan.de.vries984@retail.co.uk,NL,2024-12-07,,1
510,Sanne Bos,sànné.bos676@corp.locàl,NL,2025-01-17,,1
511,Avery Kuipers,avery.kuipers21@example.com,BE,2024-12-29,,1
512,Eva Kok,,DE,2025-02-13,,1
513,Noa Bos,noa.bos600@example.com,UK,2025-02-05,,1
514,Lars Smit,làrs.smit194@shop.éu,DE,2025-03-06,,1
515,Taylor Kuipers,taylor.kuipers995@mail.nl,NL,2025-01-04,,1
516,Casey Bos,casey.bos715@shop.eu,NL,2025-02-25,2025-10-04,0
516,Casey Bos,casey.bos715@shop.eu,FR,2025-10-04,,1
517,Robin Bos,robin.bos309@corp.locàl,BE,2025-03-13,,1
518,Milan Meijer,,UK,2024-12-07,,1
519,Noa Maas,noa.maas714@example.com,NL,2024-11-28,,1
520,Finn Bakker,finn.bakker24@example.com,BE,2024-12-20,,1
521,Robin Mulder,robin.mulder928@corp.local,BE,2024-11-25,,1
522,Drew van Leeuwen,drew.van.leeuwen743@mail.nl,BE,2025-02-21,,1
523,Taylor Kuipers,taylor.kuipers265@example.com,DE,2025-02-16,,1
524,Eva Kuipers,,UK,2024-12-08,,1
525,Noa Visser,noa.visser953@mail.nl,DE,2024-12-17,2025-07-22,0
525,Noa Visser,noa.visser953@mail.nl,NL,2025-07-22,,1
526,Drew Jansen,drew.jansen480@mail.nl,BE,2025-02-15,,1
527,Jesse de Boer,jesse.de.boer459@shop.eu,BE,2025-01-08,,1
528,Sam van Leeuwen,,BE,2025-01-28,,1
529,Eva De Vries,eva.de.vries995@shop.eu,FR,2024-12-24,2025-05-29,0
529,Eva De Vries,eva.de.vries995@shop.eu,DE,2025-05-29,,1
530,Alex Bakker,,UK,2025-02-10,,1
531,Chris van Dijk,chris.van.dijk725@example.com,FR,2025-01-21,,1
532,Sanne van Leeuwen,sanne.van.leeuwen533@retail.co.uk,DE,2025-02-10,,1
533,Kai Klein,kai.klein15@corp.local,FR,2025-01-11,,1
534,Avery Mulder,avery.mulder86@example.com,FR,2024-12-03,,1
535,Noa Jansen,noa.jansen303@mail.nl,UK,2024-11-30,,1
536,Milan Klein,milan.klein591@corp.local,NL,2025-01-14,,1
537,Lars Maas,,FR,2024-12-07,2025-08-15,0
537,Lars Maas,,BE,2025-08-15,,1
538,Casey Kok,,UK,2025-02-03,,1
539,Robin Mulder,robin.mulder17@example.com,FR,2024-12-04,,1
540,Lars Willems,làrs.willéms499@màil.nl,DE,2025-01-14,,1
541,Jordan van Dijk,jordan.van.dijk171@retail.co.uk,UK,2025-01-07,,1
542,Jordan Bos,jordan.bos788@retail.co.uk,NL,2025-02-03,2025-10-15,0
542,Jordan Bos,jordan.bos788@retail.co.uk,DE,2025-10-15,,1
543,Luuk Visser,,BE,2025-01-20,,1
544,Jordan Mulder,jordàn.muldér499@màil.nl,DE,2025-02-13,,1
545,Sam Visser,sam.visser980@retail.co.uk,DE,2025-02-21,,1
546,Milan Klein,milan.klein641@shop.eu,BE,2025-03-03,2025-11-03,0
546,Milan Klein,milan.klein641@shop.eu,NL,2025-11-03,,1
547,Romy Kok,romy.kok780@corp.local,FR,2025-02-16,,1
548,Luuk Smit,,FR,2025-02-05,,1
549,Jesse Kok,jesse.kok89@corp.local,FR,2025-01-18,,1
550,Jesse Bakker,jesse.bakker875@example.com,UK,2024-12-11,,1
551,Eva Smit,eva.smit743@corp.local,BE,2025-02-01,,1
552,Avery Mulder,avery.mulder988@mail.nl,BE,2025-02-03,,1
553,Romy Peters,romy.peters530@example.com,UK,2024-12-09,,1
554,Noa Maas,,FR,2025-01-26,,1
555,Luuk Maas,,NL,2025-01-23,,1
556,Milan Scholten,milan.scholten583@retail.co.uk,FR,2024-11-24,,1
557,Drew Maas,drew.maas930@example.com,NL,2024-11-26,,1
558,Romy Klein,romy.klein712@mail.nl,BE,2024-12-06,,1
559,Jesse Peters,jesse.peters753@example.com,BE,2024-12-15,,1
560,Eva Kok,eva.kok190@corp.local,FR,2025-01-13,,1
561,Noa Bakker,noa.bakker611@shop.eu,NL,2024-12-22,,1
562,Jamie van Leeuwen,jamie.van.leeuwen767@corp.local,BE,2024-12-09,,1
563,Jordan Kuipers,jordan.kuipers589@shop.eu,NL,2024-12-12,2025-07-27,0
563,Jordan Kuipers,jordan.kuipers589@shop.eu,BE,2025-07-27,,1
564,Lars Vos,làrs.vos769@màil.nl,UK,2024-11-30,,1
565,Milan Maas,milan.maas426@example.com,NL,2025-03-08,,1
566,Robin Mulder,robin.mulder611@mail.nl,BE,2025-02-11,,1
567,Kai Bakker,kai.bakker561@example.com,DE,2025-02-12,,1
568,Chris Bakker,chris.bakker94@shop.eu,NL,2025-03-09,,1
569,Finn Willems,,BE,2025-02-07,,1
570,Jamie van Dijk,jamie.van.dijk654@example.com,BE,2025-01-30,,1
571,Milan Meijer,milan.meijer339@example.com,DE,2025-01-06,,1
572,Alex van Dijk,alex.van.dijk534@mail.nl,BE,2024-12-02,,1
573,Kai Visser,kai.visser82@retail.co.uk,DE,2025-02-15,,1
574,Jesse Mulder,jesse.mulder535@retail.co.uk,BE,2025-03-07,,1
575,Sam Peters,sam.peters816@mail.nl,BE,2025-03-10,,1
576,Sam Mulder,,DE,2025-01-07,,1
577,Romy Bos,romy.bos640@mail.nl,DE,2025-02-03,,1
578,Luuk Scholten,luuk.scholten726@shop.eu,UK,2025-02-14,,1
579,Drew Kuipers,drew.kuipers965@mail.nl,BE,2024-11-27,2025-05-22,0
579,Drew Kuipers,drew.kuipers965@mail.nl,DE,2025-05-22,,1
580,Casey de Boer,,FR,2024-11-30,,1
581,Luuk Kok,luuk.kok42@mail.nl,NL,2024-12-19,,1
582,Sanne Mulder,sanne.mulder991@corp.local,NL,2025-02-16,,1
583,Sanne Kuipers,sanne.kuipers415@shop.eu,NL,2024-12-20,,1
584,Sanne Klein,sanne.klein132@example.com,NL,2024-12-20,,1
585,Avery de Boer,avery.de.boer362@retail.co.uk,DE,2025-03-14,,1
586,Finn Bos,finn.bos934@mail.nl,BE,2025-02-04,,1
587,Luuk Smit,luuk.smit290@shop.eu,BE,2025-01-23,,1
588,Casey Peters,casey.peters295@corp.local,NL,2025-03-05,2025-11-02,0
588,Casey Peters,casey.peters295@corp.local,BE,2025-11-02,,1
589,Chris Scholten,chris.scholten933@shop.eu,FR,2025-01-05,,1
590,Drew Kuipers,drew.kuipers368@shop.eu,FR,2024-11-24,,1
591,Avery Maas,avery.maas189@example.com,FR,2024-11-25,,1
592,Jordan Hendriks,jordan.hendriks497@example.com,DE,2025-01-07,,1
593,Taylor van Dijk,tàylor.vàn.dijk209@shop.éu,BE,2024-12-23,,1
594,Noa Hendriks,noa.hendriks644@shop.eu,NL,2024-12-08,,1
595,Kai Meijer,kai.meijer575@corp.local,BE,2024-11-19,,1
596,Jordan Bos,jordan.bos683@retail.co.uk,BE,2024-11-19,,1
597,Alex Mulder,alex.mulder306@corp.local,NL,2024-11-22,,1
598,Noa van Leeuwen,noa.van.leeuwen974@example.com,BE,2025-01-02,,1
599,Jordan de Boer,jordan.de.boer403@mail.nl,NL,2025-01-13,,1
600,Kai Hendriks,kài.héndriks458@shop.éu,FR,2025-03-14,,1
601,Eva Mulder,eva.mulder428@retail.co.uk,BE,2025-02-23,,1
602,Jesse Kuipers,jesse.kuipers943@example.com,NL,2025-02-27,,1
603,Robin Jansen,robin.jansen211@shop.eu,DE,2024-11-19,,1
604,Kai van Dijk,kai.van.dijk302@retail.co.uk,NL,2025-03-12,,1
605,Chris De Vries,chris.de.vries281@shop.eu,DE,2024-11-24,,1
606,Jesse Peters,,DE,2024-12-01,,1
607,Eva Bos,,BE,2025-02-26,,1
608,Eva van Leeuwen,eva.van.leeuwen76@example.com,BE,2024-12-05,,1
609,Luuk Scholten,luuk.scholten878@shop.eu,UK,2025-01-03,,1
610,Romy Hendriks,romy.hendriks928@example.com,NL,2025-03-17,,1
611,Jordan Bos,jordan.bos916@retail.co.uk,DE,2025-02-03,,1
612,Taylor Kuipers,taylor.kuipers905@shop.eu,NL,2024-12-09,,1
613,Chris De Vries,chris.de.vries430@shop.eu,UK,2024-12-30,2025-05-13,0
613,Chris De Vries,chris.de.vries430@shop.eu,FR,2025-05-13,,1
614,Finn Vos,finn.vos222@example.com,DE,2025-01-05,,1
615,Jordan Peters,jordan.peters747@shop.eu,BE,2024-12-06,,1
616,Sanne Bakker,sanne.bakker762@shop.eu,NL,2025-01-29,2025-06-19,0
616,Sanne Bakker,sanne.bakker762@shop.eu,DE,2025-06-19,,1
617,Finn de Boer,finn.de.boer321@retail.co.uk,UK,2024-11-22,,1
618,Noa Kok,noa.kok10@shop.eu,UK,2024-12-02,2025-04-23,0
618,Noa Kok,noa.kok10@shop.eu,DE,2025-04-23,,1
619,Sanne Hendriks,sanne.hendriks437@retail.co.uk,BE,2024-12-25,2025-05-28,0
619,Sanne Hendriks,sanne.hendriks437@retail.co.uk,FR,2025-05-28,,1
620,Kai Visser,kài.vissér248@éxàmplé.com,DE,2025-03-04,,1
621,Luuk Hendriks,luuk.hendriks356@corp.local,FR,2025-01-19,,1
622,Taylor Bos,taylor.bos751@corp.local,BE,2024-12-21,,1
623,Kai Bos,kai.bos573@shop.eu,NL,2025-01-20,2025-09-04,0
623,Kai Bos,kai.bos573@shop.eu,DE,2025-09-04,,1
624,Romy Kok,romy.kok170@retail.co.uk,BE,2025-01-01,,1
625,Lars Bos,lars.bos142@corp.local,UK,2025-02-26,2025-11-10,0
625,Lars Bos,lars.bos142@corp.local,DE,2025-11-10,,1
626,Sanne Hendriks,sanne.hendriks88@example.com,NL,2025-03-03,,1
627,Milan Klein,milan.klein561@corp.local,UK,2025-02-19,,1
628,Jesse Kok,jesse.kok321@example.com,BE,2024-12-26,,1
629,Taylor De Vries,taylor.de.vries878@mail.nl,DE,2025-02-03,,1
630,Jamie Scholten,jamie.scholten444@retail.co.uk,FR,2025-01-07,,1
631,Taylor Hendriks,tàylor.héndriks120@corp.locàl,UK,2024-12-08,,1
632,Sanne De Vries,sànné.dé.vriés442@rétàil.co.uk,DE,2024-11-24,2025-05-13,0
632,Sanne De Vries,sànné.dé.vriés442@rétàil.co.uk,FR,2025-05-13,,1
633,Jamie Hendriks,jamie.hendriks75@example.com,BE,2025-01-18,2025-06-14,0
633,Jamie Hendriks,jamie.hendriks75@example.com,NL,2025-06-14,,1
634,Robin Willems,robin.willems509@corp.local,DE,2025-01-15,,1
635,Jordan Mulder,jordan.mulder474@shop.eu,UK,2025-01-28,,1
636,Avery Kuipers,avery.kuipers899@retail.co.uk,BE,2025-03-12,,1
637,Taylor Klein,taylor.klein310@mail.nl,FR,2025-01-05,,1
638,Chris Peters,chris.peters953@retail.co.uk,BE,2025-01-05,2025-06-08,0
638,Chris Peters,chris.peters953@retail.co.uk,DE,2025-06-08,,1
639,Chris Jansen,chris.jànsén530@shop.éu,UK,2024-11-30,2025-06-13,0
639,Chris Jansen,chris.jànsén530@shop.éu,DE,2025-06-13,,1
640,Drew Kuipers,drew.kuipers13@mail.nl,FR,2024-12-16,2025-09-15,0
640,Drew Kuipers,drew.kuipers13@mail.nl,DE,2025-09-15,,1
641,Eva Kok,eva.kok391@corp.local,NL,2024-12-07,,1
642,Noa Peters,noa.peters244@corp.local,UK,2025-02-03,,1
643,Jamie Willems,jamie.willems876@retail.co.uk,FR,2024-12-10,,1
644,Jamie Maas,jamie.maas507@mail.nl,BE,2025-01-19,,1
645,Luuk Bakker,luuk.bakker236@shop.eu,UK,2025-01-04,,1
646,Sanne Bakker,sanne.bakker581@mail.nl,BE,2024-12-18,,1
647,Casey Maas,casey.maas914@corp.local,DE,2024-12-27,,1
648,Drew Klein,drew.klein68@example.com,NL,2025-03-02,,1
649,Lars Kok,lars.kok391@corp.local,UK,2024-12-20,2025-05-19,0
649,Lars Kok,lars.kok391@corp.local,DE,2025-05-19,,1
650,Jesse De Vries,jesse.de.vries583@shop.eu,FR,2025-02-17,2025-10-25,0
650,Jesse De Vries,jesse.de.vries583@shop.eu,BE,2025-10-25,,1
651,Alex Bos,alex.bos51@shop.eu,NL,2025-01-16,,1
652,Jesse Kok,jesse.kok81@retail.co.uk,NL,2025-02-25,,1
653,Jordan Meijer,jordan.meijer524@corp.local,BE,2025-01-09,,1
654,Finn Kok,,FR,2025-01-22,,1
655,Eva Bos,eva.bos416@shop.eu,BE,2025-02-13,,1
656,Casey Hendriks,casey.hendriks830@shop.eu,UK,2024-11-24,,1
657,Alex Hendriks,alex.hendriks231@mail.nl,FR,2025-03-05,,1
658,Jordan Bos,jordan.bos913@example.com,BE,2025-03-07,,1
659,Alex De Vries,,UK,2025-01-03,2025-06-17,0
659,Alex De Vries,,DE,2025-06-17,,1
660,Sam Bos,sam.bos436@retail.co.uk,UK,2024-11-27,,1
661,Luuk Visser,luuk.visser867@mail.nl,DE,2024-12-10,,1
662,Chris Visser,chris.visser427@example.com,UK,2025-02-13,,1
663,Romy Mulder,romy.mulder421@corp.local,NL,2025-01-09,2025-09-18,0
663,Romy Mulder,romy.mulder421@corp.local,FR,2025-09-18,,1
664,Romy Bos,romy.bos286@shop.eu,FR,2024-12-21,2025-05-22,0
664,Romy Bos,romy.bos286@shop.eu,BE,2025-05-22,,1
665,Drew Vos,dréw.vos246@rétàil.co.uk,NL,2024-12-09,,1
666,Eva Visser,eva.visser599@retail.co.uk,DE,2025-03-05,2025-09-15,0
666,Eva Visser,eva.visser599@retail.co.uk,UK,2025-09-15,,1
667,Jesse Kok,jéssé.kok864@màil.nl,NL,2025-02-12,,1
668,Avery Klein,avery.klein447@retail.co.uk,BE,2025-01-07,,1
669,Robin Kuipers,robin.kuipers679@example.com,FR,2025-02-20,,1
670,Lars Kuipers,lars.kuipers186@example.com,DE,2025-03-12,,1
671,Lars van Dijk,lars.van.dijk564@shop.eu,DE,2025-01-04,2025-07-01,0
671,Lars van Dijk,lars.van.dijk564@shop.eu,NL,2025-07-01,,1
672,Noa Bakker,noa.bakker344@shop.eu,FR,2024-12-06,,1
673,Alex Bakker,alex.bakker383@mail.nl,FR,2024-12-10,2025-08-07,0
673,Alex Bakker,alex.bakker383@mail.nl,BE,2025-08-07,,1
674,Eva de Boer,eva.de.boer318@mail.nl,DE,2025-01-15,,1
675,Jesse Smit,jesse.smit826@mail.nl,NL,2025-02-07,2025-11-12,0
675,Jesse Smit,jesse.smit826@mail.nl,UK,2025-11-12,,1
676,Lars de Boer,lars.de.boer414@example.com,DE,2025-02-16,,1
677,Luuk Visser,luuk.visser128@retail.co.uk,DE,2025-03-13,,1
678,Noa Hendriks,noa.hendriks323@retail.co.uk,FR,2025-01-03,,1
679,Jamie de Boer,jamie.de.boer235@shop.eu,UK,2025-01-12,,1
680,Eva Klein,eva.klein367@retail.co.uk,FR,2025-02-04,,1
681,Luuk van Dijk,luuk.van.dijk111@mail.nl,UK,2025-03-13,,1
682,Romy Vos,romy.vos209@retail.co.uk,BE,2025-01-31,,1
683,Luuk Peters,,BE,2025-03-10,,1
684,Luuk Scholten,luuk.scholten572@retail.co.uk,FR,2024-11-23,,1
685,Jesse Hendriks,,DE,2024-12-16,,1
686,Lars van Dijk,làrs.vàn.dijk712@shop.éu,FR,2025-02-03,,1
687,Luuk Kuipers,luuk.kuipers680@corp.local,DE,2025-03-01,,1
688,Casey Klein,casey.klein900@example.com,BE,2024-12-27,,1
689,Romy van Leeuwen,romy.van.leeuwen34@mail.nl,DE,2025-02-03,,1
690,Luuk De Vries,luuk.de.vries529@shop.eu,DE,2025-01-15,,1
691,Milan Smit,milan.smit131@retail.co.uk,DE,2025-03-05,,1
692,Chris van Leeuwen,chris.van.leeuwen428@example.com,BE,2025-02-28,,1
693,Chris Klein,chris.klein357@shop.eu,NL,2025-02-18,,1
694,Kai Jansen,,BE,2024-12-07,2025-08-30,0
694,Kai Jansen,,NL,2025-08-30,,1
695,Sam Mulder,sam.mulder368@corp.local,FR,2024-12-27,,1
696,Jordan De Vries,jordan.de.vries223@mail.nl,FR,2024-11-30,,1
697,Robin Kuipers,robin.kuipers500@retail.co.uk,UK,2025-03-05,,1
698,Jamie de Boer,,NL,2024-11-22,,1
699,Avery Peters,avery.peters624@retail.co.uk,BE,2025-02-07,,1
700,Sam Vos,,NL,2025-03-01,,1
701,Romy Kok,romy.kok208@mail.nl,UK,2024-12-07,,1
702,Avery Visser,avery.visser743@retail.co.uk,NL,2025-01-05,,1
703,Finn Vos,finn.vos752@example.com,DE,2025-02-25,,1
704,Milan van Dijk,milan.van.dijk617@mail.nl,UK,2024-12-01,,1
705,Milan Peters,milan.peters799@example.com,DE,2025-01-03,,1
706,Sanne van Leeuwen,sanne.van.leeuwen923@corp.local,BE,2025-01-24,,1
707,Alex van Leeuwen,alex.van.leeuwen516@example.com,UK,2024-12-17,,1
708,Romy Klein,romy.kléin492@corp.locàl,BE,2025-03-16,,1
709,Taylor Bos,taylor.bos506@corp.local,FR,2025-01-20,,1
710,Taylor Mulder,taylor.mulder688@example.com,DE,2024-12-26,,1
711,Casey Meijer,casey.meijer257@example.com,BE,2025-02-17,,1
712,Taylor van Dijk,taylor.van.dijk378@shop.eu,UK,2025-01-09,,1
713,Chris Hendriks,chris.hendriks477@example.com,UK,2025-02-25,2025-09-03,0
713,Chris Hendriks,chris.hendriks477@example.com,DE,2025-09-03,,1
714,Eva van Dijk,eva.van.dijk363@mail.nl,DE,2025-03-16,,1
715,Casey Klein,casey.klein458@example.com,NL,2025-02-22,,1
716,Jamie de Boer,jàmié.dé.boér82@shop.éu,BE,2025-02-26,,1
717,Robin Hendriks,robin.hendriks707@corp.local,BE,2025-01-05,2025-06-11,0
717,Robin Hendriks,robin.hendriks707@corp.local,NL,2025-06-11,,1
718,Jamie De Vries,jamie.de.vries123@shop.eu,FR,2025-02-12,,1
719,Eva Visser,eva.visser180@mail.nl,BE,2025-01-12,,1
720,Robin Visser,robin.visser630@corp.local,NL,2025-01-07,,1
721,Alex van Leeuwen,alex.van.leeuwen165@example.com,FR,2024-12-17,,1
722,Luuk Jansen,luuk.jansen155@shop.eu,DE,2024-12-04,,1
723,Kai Visser,kai.visser617@corp.local,FR,2025-02-13,,1
724,Chris Scholten,chris.scholtén678@shop.éu,FR,2025-01-17,,1
725,Avery De Vries,avery.de.vries304@corp.local,UK,2024-11-30,,1
726,Casey Klein,càséy.kléin602@corp.locàl,UK,2024-12-20,,1
727,Sanne Vos,,DE,2025-02-18,2025-08-26,0
727,Sanne Vos,,UK,2025-08-26,,1
728,Casey Maas,casey.maas309@retail.co.uk,NL,2025-02-28,,1
729,Finn Scholten,,UK,2025-02-08,,1
730,Milan De Vries,milan.de.vries777@retail.co.uk,FR,2024-12-08,,1
731,Jordan De Vries,jordan.de.vries949@example.com,NL,2025-03-14,,1
732,Eva Kok,,FR,2024-11-28,2025-08-21,0
732,Eva Kok,,BE,2025-08-21,,1
733,Alex Jansen,alex.jansen722@shop.eu,NL,2025-03-10,,1
734,Casey Willems,casey.willems482@example.com,FR,2025-01-04,,1
735,Jamie Kuipers,jamie.kuipers389@example.com,BE,2025-01-02,2025-07-25,0
735,Jamie Kuipers,jamie.kuipers389@example.com,UK,2025-07-25,,1
736,Jesse Scholten,jesse.scholten11@example.com,BE,2024-12-18,,1
737,Alex Smit,alex.smit100@retail.co.uk,DE,2024-11-19,,1
738,Milan van Leeuwen,milan.van.leeuwen299@example.com,NL,2025-01-04,,1
739,Lars de Boer,lars.de.boer824@mail.nl,NL,2024-12-01,,1
740,Romy de Boer,romy.de.boer354@retail.co.uk,FR,2024-12-25,,1
741,Jordan Kok,jordan.kok66@mail.nl,UK,2024-12-08,,1
742,Avery Vos,àvéry.vos355@shop.éu,FR,2024-11-24,,1
743,Jesse Scholten,jéssé.scholtén696@éxàmplé.com,NL,2025-01-11,,1
744,Lars van Dijk,lars.van.dijk657@shop.eu,BE,2025-01-13,,1
745,Sanne Kuipers,sànné.kuipérs688@rétàil.co.uk,BE,2025-03-14,,1
746,Luuk van Dijk,luuk.van.dijk991@mail.nl,BE,2025-01-14,,1
747,Jesse Visser,,UK,2024-12-04,,1
748,Robin Maas,,BE,2025-01-10,2025-05-11,0
748,Robin Maas,,FR,2025-05-11,,1
749,Finn Mulder,finn.mulder534@shop.eu,UK,2024-12-11,,1
750,Sanne de Boer,sanne.de.boer232@example.com,BE,2025-01-01,,1
751,Kai van Dijk,kai.van.dijk966@shop.eu,BE,2025-01-02,,1
752,Casey Scholten,casey.scholten990@retail.co.uk,FR,2024-12-18,,1
753,Robin Klein,robin.klein551@corp.local,NL,2025-01-23,,1
754,Sanne Hendriks,sanne.hendriks652@corp.local,BE,2025-01-29,,1
755,Eva De Vries,eva.de.vries465@mail.nl,UK,2024-12-20,,1
756,Eva Kok,eva.kok32@retail.co.uk,UK,2025-02-21,,1
757,Drew de Boer,drew.de.boer210@corp.local,FR,2024-11-21,,1
758,Jamie Hendriks,jamie.hendriks833@shop.eu,DE,2025-02-08,,1
759,Milan Maas,milan.maas541@retail.co.uk,NL,2025-03-11,,1
760,Jesse Hendriks,,NL,2025-01-09,,1
761,Romy Klein,romy.klein186@mail.nl,UK,2025-03-04,,1
762,Lars Bakker,lars.bakker560@mail.nl,FR,2024-12-29,,1
763,Kai Klein,kai.klein213@shop.eu,UK,2024-12-22,,1
764,Finn Scholten,finn.scholten17@example.com,NL,2025-03-15,2025-08-01,0
764,Finn Scholten,finn.scholten17@example.com,UK,2025-08-01,,1
765,Jordan Mulder,jordan.mulder954@shop.eu,NL,2024-12-19,,1
766,Taylor Kok,,UK,2024-12-27,,1
767,Drew Peters,dréw.pétérs978@éxàmplé.com,NL,2024-12-29,2025-07-12,0
767,Drew Peters,dréw.pétérs978@éxàmplé.com,DE,2025-07-12,,1
768,Romy Bos,romy.bos391@retail.co.uk,UK,2025-02-23,,1
769,Taylor van Leeuwen,taylor.van.leeuwen708@corp.local,DE,2025-02-19,,1
770,Eva Scholten,évà.scholtén252@corp.locàl,BE,2024-12-09,,1
771,Sanne van Leeuwen,sanne.van.leeuwen583@mail.nl,NL,2025-03-08,,1
772,Lars Scholten,lars.scholten740@corp.local,NL,2025-02-05,,1
773,Milan Mulder,milan.mulder884@shop.eu,DE,2025-03-09,,1
774,Sam Maas,sam.maas94@example.com,BE,2025-02-18,,1
775,Alex van Dijk,alex.van.dijk897@mail.nl,NL,2024-12-26,2025-05-15,0
775,Alex van Dijk,alex.van.dijk897@mail.nl,UK,2025-05-15,,1
776,Alex De Vries,alex.de.vries815@example.com,NL,2025-01-26,,1
777,Noa Bakker,noa.bakker232@mail.nl,DE,2025-02-12,,1
778,Alex Hendriks,alex.hendriks456@shop.eu,UK,2024-11-28,,1
779,Taylor Maas,taylor.maas65@example.com,DE,2024-12-22,,1
780,Sam Smit,sam.smit209@corp.local,NL,2025-01-30,2025-07-03,0
780,Sam Smit,sam.smit209@corp.local,UK,2025-07-03,,1
781,Robin Scholten,robin.scholten859@retail.co.uk,FR,2025-01-11,,1
782,Chris Meijer,chris.meijer116@retail.co.uk,DE,2025-02-23,,1
783,Luuk Peters,luuk.peters200@retail.co.uk,DE,2024-12-04,2025-08-29,0
783,Luuk Peters,luuk.peters200@retail.co.uk,UK,2025-08-29,,1
784,Lars Peters,làrs.pétérs942@éxàmplé.com,UK,2024-11-18,,1
785,Romy Visser,romy.visser637@example.com,NL,2025-01-25,,1
786,Sam De Vries,sam.de.vries448@corp.local,DE,2024-11-26,,1
787,Jesse van Leeuwen,jéssé.vàn.lééuwén418@rétàil.co.uk,NL,2024-12-26,,1
788,Alex Kuipers,alex.kuipers866@shop.eu,NL,2024-12-14,,1
789,Jesse Klein,jesse.klein192@shop.eu,BE,2025-03-11,2025-08-27,0
789,Jesse Klein,jesse.klein192@shop.eu,NL,2025-08-27,,1
790,Romy Visser,romy.visser995@retail.co.uk,UK,2025-01-23,,1
791,Robin van Dijk,robin.van.dijk549@example.com,NL,2025-01-21,,1
792,Alex van Dijk,alex.van.dijk995@shop.eu,FR,2025-01-28,,1
793,Chris Visser,chris.vissér132@éxàmplé.com,NL,2025-02-07,,1
794,Jordan Bakker,jordan.bakker770@example.com,NL,2024-12-29,,1
795,Taylor Kuipers,taylor.kuipers815@example.com,FR,2024-12-29,,1
796,Robin De Vries,robin.de.vries477@corp.local,BE,2024-12-25,,1
797,Luuk Meijer,luuk.meijer611@mail.nl,NL,2025-02-17,,1
798,Sanne De Vries,sanne.de.vries809@retail.co.uk,BE,2024-11-27,,1
799,Lars Hendriks,lars.hendriks273@shop.eu,BE,2025-03-06,,1
800,Casey de Boer,casey.de.boer466@example.com,BE,2025-01-14,,1
801,Milan Willems,milan.willems883@shop.eu,DE,2024-12-22,,1
802,Chris Vos,chris.vos131@retail.co.uk,UK,2024-11-28,,1
803,Finn Visser,finn.visser330@shop.eu,DE,2025-02-10,,1
804,Drew Kuipers,drew.kuipers114@example.com,DE,2025-01-30,2025-08-16,0
804,Drew Kuipers,drew.kuipers114@example.com,FR,2025-08-16,,1
805,Jamie Vos,jamie.vos952@corp.local,BE,2025-01-02,2025-07-22,0
805,Jamie Vos,jamie.vos952@corp.local,UK,2025-07-22,,1
806,Kai Kuipers,kai.kuipers773@retail.co.uk,DE,2024-12-23,,1
807,Lars de Boer,lars.de.boer42@corp.local,NL,2024-11-26,,1
808,Noa Kok,noa.kok699@mail.nl,BE,2025-01-22,,1
809,Kai Visser,kai.visser953@example.com,UK,2024-11-18,,1
810,Taylor van Dijk,taylor.van.dijk749@mail.nl,NL,2025-01-02,2025-05-28,0
810,Taylor van Dijk,taylor.van.dijk749@mail.nl,FR,2025-05-28,,1
811,Romy Jansen,,NL,2024-12-28,2025-08-09,0
811,Romy Jansen,,UK,2025-08-09,,1
812,Noa van Dijk,noa.van.dijk586@retail.co.uk,NL,2024-12-15,2025-06-28,0
812,Noa van Dijk,noa.van.dijk586@retail.co.uk,BE,2025-06-28,,1
813,Jordan Klein,jordan.klein337@retail.co.uk,BE,2025-01-11,,1
814,Noa de Boer,noa.de.boer612@corp.local,UK,2025-01-21,,1
815,Lars Kok,,BE,2024-11-20,2025-06-03,0
815,Lars Kok,,NL,2025-06-03,,1
816,Avery Klein,avery.klein149@retail.co.uk,BE,2025-03-13,2025-09-23,0
816,Avery Klein,avery.klein149@retail.co.uk,DE,2025-09-23,,1
817,Drew van Dijk,drew.van.dijk862@corp.local,BE,2024-12-26,,1
818,Drew Bos,dréw.bos396@corp.locàl,UK,2025-01-20,,1
819,Jordan Mulder,jordàn.muldér340@shop.éu,NL,2025-02-15,,1
820,Eva Hendriks,eva.hendriks129@shop.eu,NL,2024-11-26,,1
821,Finn Smit,finn.smit381@example.com,UK,2025-01-22,,1
822,Finn Visser,finn.vissér310@éxàmplé.com,NL,2025-03-08,,1
823,Taylor Kok,,NL,2025-02-16,,1
824,Romy Willems,romy.willems415@example.com,NL,2025-01-23,,1
825,Eva Vos,eva.vos159@corp.local,BE,2025-02-25,,1
826,Noa Meijer,noà.méijér263@màil.nl,UK,2025-02-26,2025-08-26,0
826,Noa Meijer,noà.méijér263@màil.nl,FR,2025-08-26,,1
827,Finn van Dijk,finn.van.dijk414@shop.eu,FR,2025-02-28,,1
828,Kai Hendriks,kai.hendriks174@example.com,DE,2025-03-12,,1
829,Jesse Peters,jesse.peters328@shop.eu,DE,2024-12-29,,1
830,Milan van Leeuwen,milan.van.leeuwen58@example.com,FR,2025-01-15,2025-07-12,0
830,Milan van Leeuwen,milan.van.leeuwen58@example.com,UK,2025-07-12,,1
831,Sanne Kok,sanne.kok591@retail.co.uk,DE,2025-01-09,,1
832,Jesse Visser,jesse.visser606@retail.co.uk,FR,2025-01-07,,1
833,Alex Bos,alex.bos711@mail.nl,FR,2025-02-07,,1
834,Milan van Leeuwen,milan.van.leeuwen449@retail.co.uk,FR,2025-03-11,,1
835,Finn Peters,finn.peters781@retail.co.uk,BE,2025-01-23,,1
836,Eva Hendriks,eva.hendriks177@example.com,UK,2025-01-15,,1
837,Noa Klein,noa.klein528@example.com,FR,2025-03-07,2025-10-14,0
837,Noa Klein,noa.klein528@example.com,DE,2025-10-14,,1
838,Jamie De Vries,jamie.de.vries583@corp.local,NL,2024-12-20,,1
839,Lars Bos,lars.bos762@example.com,DE,2025-03-07,,1
840,Drew Kok,drew.kok986@mail.nl,FR,2025-01-31,,1
841,Jordan Meijer,jordan.meijer307@example.com,DE,2025-03-17,,1
842,Robin de Boer,robin.de.boer756@mail.nl,DE,2024-12-09,2025-06-11,0
842,Robin de Boer,robin.de.boer756@mail.nl,UK,2025-06-11,,1
843,Romy Maas,romy.maas490@corp.local,UK,2024-12-23,,1
844,Jesse Willems,jéssé.willéms930@rétàil.co.uk,NL,2025-02-02,,1
845,Robin Bakker,robin.bàkkér983@màil.nl,NL,2025-01-02,2025-08-26,0
845,Robin Bakker,robin.bàkkér983@màil.nl,BE,2025-08-26,,1
846,Sam Smit,sam.smit69@mail.nl,DE,2024-12-03,,1
847,Noa Peters,noa.peters453@shop.eu,BE,2025-02-10,,1
848,Avery Kok,avery.kok308@corp.local,UK,2025-03-13,,1
849,Kai Bos,,FR,2025-01-05,,1
850,Avery Meijer,avery.meijer218@mail.nl,NL,2024-12-15,,1
851,Alex de Boer,alex.de.boer349@corp.local,DE,2024-12-03,,1
852,Robin van Dijk,robin.van.dijk146@example.com,FR,2025-02-13,,1
853,Kai Visser,kai.visser676@corp.local,NL,2025-03-15,,1
854,Jesse Visser,jesse.visser240@shop.eu,UK,2024-11-23,,1
855,Romy Mulder,romy.mulder37@example.com,DE,2025-02-27,,1
856,Avery Smit,àvéry.smit750@màil.nl,NL,2025-02-02,,1
857,Jamie Jansen,jamie.jansen607@example.com,BE,2025-01-19,2025-08-12,0
857,Jamie Jansen,jamie.jansen607@example.com,FR,2025-08-12,,1
858,Jamie Vos,jàmié.vos422@rétàil.co.uk,FR,2025-01-13,,1
859,Kai Vos,kài.vos183@màil.nl,BE,2024-12-24,,1
860,Alex Meijer,alex.meijer299@mail.nl,NL,2025-02-19,,1
861,Taylor Mulder,taylor.mulder929@example.com,BE,2025-01-07,2025-07-27,0
861,Taylor Mulder,taylor.mulder929@example.com,DE,2025-07-27,,1
862,Taylor Klein,taylor.klein878@mail.nl,DE,2024-11-20,,1
863,Jesse Mulder,jesse.mulder688@shop.eu,UK,2025-02-24,,1
864,Noa Klein,noa.klein266@shop.eu,UK,2025-02-17,,1
865,Noa van Leeuwen,,NL,2024-11-18,,1
866,Casey van Leeuwen,casey.van.leeuwen760@retail.co.uk,DE,2024-12-16,,1
867,Kai Meijer,kai.meijer986@retail.co.uk,DE,2024-11-26,,1
868,Eva Peters,eva.peters515@shop.eu,NL,2024-11-25,,1
869,Noa Mulder,noà.muldér100@éxàmplé.com,BE,2024-12-10,,1
870,Avery van Leeuwen,avery.van.leeuwen629@example.com,DE,2025-02-17,,1
871,Casey de Boer,casey.de.boer425@shop.eu,UK,2024-12-23,2025-07-14,0
871,Casey de Boer,casey.de.boer425@shop.eu,BE,2025-07-14,,1
872,Romy Scholten,romy.scholten374@mail.nl,UK,2024-11-26,,1
873,Drew Smit,dréw.smit137@shop.éu,DE,2025-02-20,,1
874,Lars de Boer,lars.de.boer256@retail.co.uk,FR,2024-12-22,,1
875,Jamie Maas,jamie.maas985@example.com,UK,2025-01-12,,1
876,Jesse De Vries,jesse.de.vries281@shop.eu,NL,2024-12-08,,1
877,Lars De Vries,làrs.dé.vriés490@corp.locàl,DE,2024-12-23,,1
878,Sam Hendriks,sam.hendriks850@corp.local,UK,2025-01-28,2025-09-12,0
878,Sam Hendriks,sam.hendriks850@corp.local,FR,2025-09-12,,1
879,Lars Jansen,làrs.jànsén189@shop.éu,DE,2025-03-12,,1
880,Noa van Leeuwen,noa.van.leeuwen452@corp.local,NL,2025-01-05,,1
881,Romy Maas,romy.maas467@example.com,UK,2025-01-14,2025-07-28,0
881,Romy Maas,romy.maas467@example.com,NL,2025-07-28,,1
882,Taylor Mulder,taylor.mulder256@mail.nl,FR,2025-01-10,,1
883,Casey Hendriks,casey.hendriks105@shop.eu,NL,2025-03-12,,1
884,Sam Klein,sam.klein762@mail.nl,FR,2025-02-25,,1
885,Sam Bakker,sam.bakker927@shop.eu,FR,2025-01-19,,1
886,Lars Klein,lars.klein628@example.com,FR,2025-01-31,,1
887,Sanne Mulder,sanne.mulder512@example.com,UK,2024-12-22,,1
888,Kai Bos,kai.bos787@shop.eu,NL,2024-12-26,,1
889,Avery van Dijk,avery.van.dijk303@example.com,BE,2025-03-04,2025-10-03,0
889,Avery van Dijk,avery.van.dijk303@example.com,NL,2025-10-03,,1
890,Kai Bakker,kai.bakker948@shop.eu,NL,2024-11-19,,1
891,Romy Jansen,romy.jansen574@shop.eu,BE,2024-11-29,2025-09-04,0
891,Romy Jansen,romy.jansen574@shop.eu,UK,2025-09-04,,1
892,Luuk van Dijk,luuk.van.dijk83@retail.co.uk,NL,2025-01-22,,1
893,Luuk van Leeuwen,,DE,2025-01-25,2025-10-31,0
893,Luuk van Leeuwen,,FR,2025-10-31,,1
894,Lars Bos,lars.bos16@shop.eu,FR,2025-02-01,,1
895,Sanne van Dijk,sanne.van.dijk483@retail.co.uk,DE,2025-03-14,,1
896,Jordan Klein,jordan.klein839@mail.nl,BE,2024-12-30,2025-06-12,0
896,Jordan Klein,jordan.klein839@mail.nl,UK,2025-06-12,,1
897,Jamie van Dijk,jamie.van.dijk971@example.com,DE,2025-01-02,,1
898,Taylor De Vries,taylor.de.vries373@corp.local,NL,2025-02-12,,1
899,Jesse Smit,jesse.smit689@shop.eu,FR,2024-11-26,,1
900,Alex Bakker,alex.bakker74@mail.nl,NL,2025-02-24,,1
901,Taylor Visser,,DE,2024-12-26,,1
902,Chris Jansen,,UK,2024-12-22,2025-08-19,0
902,Chris Jansen,,NL,2025-08-19,,1
903,Drew Mulder,drew.mulder686@retail.co.uk,UK,2024-12-10,2025-08-06,0
903,Drew Mulder,drew.mulder686@retail.co.uk,NL,2025-08-06,,1
904,Alex Meijer,alex.meijer763@retail.co.uk,UK,2025-03-01,,1
905,Robin Peters,robin.peters911@corp.local,NL,2024-11-28,,1
906,Casey De Vries,casey.de.vries213@mail.nl,DE,2025-03-08,,1
907,Jamie Bos,jamie.bos262@example.com,NL,2025-02-28,,1
908,Alex Hendriks,àléx.héndriks978@éxàmplé.com,NL,2024-11-29,,1
909,Romy Willems,romy.willems534@corp.local,DE,2024-12-16,,1
910,Avery Kuipers,,DE,2025-01-26,,1
911,Chris Jansen,chris.jansen982@corp.local,BE,2025-01-14,,1
912,Robin Smit,robin.smit692@màil.nl,BE,2025-01-24,,1
913,Lars Vos,lars.vos216@example.com,BE,2024-12-16,,1
914,Sanne van Dijk,sanne.van.dijk504@example.com,FR,2025-01-31,2025-06-22,0
914,Sanne van Dijk,sanne.van.dijk504@example.com,DE,2025-06-22,,1
915,Chris Bos,chris.bos641@mail.nl,NL,2025-02-28,,1
916,Drew de Boer,drew.de.boer110@example.com,NL,2024-12-24,,1
917,Milan Maas,milan.maas60@retail.co.uk,FR,2025-03-06,2025-11-09,0
917,Milan Maas,milan.maas60@retail.co.uk,UK,2025-11-09,,1
918,Luuk Visser,luuk.visser326@retail.co.uk,DE,2024-11-26,,1
919,Kai Visser,kai.visser268@shop.eu,FR,2025-01-22,,1
920,Eva Visser,eva.visser581@shop.eu,BE,2025-01-09,,1
921,Eva Peters,eva.peters201@corp.local,UK,2025-02-27,2025-07-13,0
921,Eva Peters,eva.peters201@corp.local,NL,2025-07-13,,1
922,Eva Smit,eva.smit160@mail.nl,DE,2025-02-15,,1
923,Chris de Boer,chris.dé.boér330@shop.éu,NL,2025-01-21,,1
924,Finn van Leeuwen,finn.van.leeuwen743@retail.co.uk,UK,2025-01-26,,1
925,Finn Bakker,finn.bakker365@mail.nl,FR,2024-11-19,,1
926,Sam Visser,sam.visser720@retail.co.uk,BE,2025-01-04,,1
927,Milan Hendriks,milan.hendriks928@retail.co.uk,DE,2025-03-17,,1
928,Jamie Mulder,jamie.mulder565@shop.eu,DE,2024-12-09,,1
929,Robin Willems,robin.willems64@shop.eu,NL,2024-11-26,,1
930,Avery van Dijk,àvéry.vàn.dijk549@éxàmplé.com,FR,2025-02-15,,1
931,Noa Bakker,noa.bakker987@corp.local,FR,2025-01-05,,1
932,Lars Kuipers,lars.kuipers107@example.com,DE,2024-12-24,,1
933,Noa Jansen,noa.jansen897@mail.nl,UK,2025-01-10,,1
934,Kai Kuipers,kai.kuipers505@example.com,UK,2025-02-11,,1
935,Avery Visser,avery.visser916@retail.co.uk,DE,2025-03-13,,1
936,Kai Kuipers,kai.kuipers912@shop.eu,UK,2024-12-11,2025-07-23,0
936,Kai Kuipers,kai.kuipers912@shop.eu,DE,2025-07-23,,1
937,Drew Kok,drew.kok571@corp.local,FR,2025-01-17,,1
938,Sanne Bakker,sanne.bakker267@example.com,FR,2025-02-28,2025-07-13,0
938,Sanne Bakker,sanne.bakker267@example.com,DE,2025-07-13,,1
939,Avery Meijer,avery.meijer611@corp.local,UK,2025-03-11,2025-08-15,0
939,Avery Meijer,avery.meijer611@corp.local,NL,2025-08-15,,1
940,Avery van Dijk,,UK,2025-02-14,,1
941,Sanne Visser,sanne.visser344@example.com,BE,2025-03-15,,1
942,Lars van Leeuwen,lars.van.leeuwen350@retail.co.uk,BE,2024-11-27,,1
943,Chris Mulder,,UK,2025-01-24,,1
944,Jordan Maas,jordan.maas531@retail.co.uk,UK,2025-01-10,,1
945,Sanne Kuipers,,FR,2025-02-14,,1
946,Milan Peters,milan.peters251@shop.eu,UK,2024-11-20,,1
947,Lars Peters,lars.peters706@shop.eu,BE,2025-03-03,,1
948,Jamie Kuipers,jamie.kuipers805@retail.co.uk,UK,2025-02-23,2025-08-12,0
948,Jamie Kuipers,jamie.kuipers805@retail.co.uk,NL,2025-08-12,,1
949,Luuk Visser,luuk.visser419@retail.co.uk,DE,2025-01-16,,1
950,Chris Hendriks,,UK,2024-11-29,,1
951,Avery van Dijk,avery.van.dijk711@mail.nl,UK,2024-12-28,,1
952,Sam Smit,sam.smit324@example.com,NL,2024-12-12,,1
953,Luuk De Vries,,DE,2025-03-08,,1
954,Chris Kuipers,chris.kuipérs73@corp.locàl,FR,2025-01-09,2025-09-06,0
954,Chris Kuipers,chris.kuipérs73@corp.locàl,UK,2025-09-06,,1
955,Jamie Smit,jamie.smit673@corp.local,BE,2025-02-19,,1
956,Robin Bos,robin.bos131@example.com,FR,2025-01-05,,1
957,Jordan Kok,jordan.kok401@corp.local,NL,2025-01-09,2025-06-11,0
957,Jordan Kok,jordan.kok401@corp.local,DE,2025-06-11,,1
958,Luuk van Leeuwen,luuk.van.leeuwen380@example.com,BE,2025-02-20,,1
959,Jesse de Boer,jesse.de.boer552@retail.co.uk,UK,2024-12-04,,1
960,Sanne Peters,sanne.peters179@mail.nl,BE,2024-12-05,,1
961,Romy van Leeuwen,romy.van.leeuwen141@retail.co.uk,BE,2024-12-13,2025-06-17,0
961,Romy van Leeuwen,romy.van.leeuwen141@retail.co.uk,UK,2025-06-17,,1
962,Lars Kuipers,,NL,2025-02-10,,1
963,Kai Visser,kai.visser305@corp.local,FR,2025-01-07,,1
964,Robin Peters,,DE,2024-12-31,,1
965,Sanne Kok,sanne.kok880@mail.nl,BE,2025-01-23,,1
966,Sam Bakker,sam.bakker939@mail.nl,BE,2025-02-07,,1
967,Finn Hendriks,finn.hendriks563@mail.nl,BE,2025-02-11,,1
968,Milan Kok,milan.kok37@mail.nl,UK,2025-02-27,,1
969,Kai van Dijk,kai.van.dijk878@corp.local,FR,2025-01-31,,1
970,Robin Willems,robin.willems526@mail.nl,UK,2025-02-15,,1
971,Taylor Meijer,taylor.meijer85@corp.local,FR,2025-02-14,2025-10-13,0
971,Taylor Meijer,taylor.meijer85@corp.local,BE,2025-10-13,,1
972,Alex Mulder,alex.mulder890@corp.local,BE,2025-02-18,,1
973,Drew de Boer,drew.de.boer850@example.com,BE,2024-12-31,2025-10-04,0
973,Drew de Boer,drew.de.boer850@example.com,UK,2025-10-04,,1
974,Jesse Kuipers,jesse.kuipers227@retail.co.uk,BE,2025-02-26,,1
975,Noa Scholten,noa.scholten161@mail.nl,FR,2025-01-08,,1
976,Romy van Dijk,romy.vàn.dijk20@éxàmplé.com,UK,2025-02-03,2025-06-30,0
976,Romy van Dijk,romy.vàn.dijk20@éxàmplé.com,FR,2025-06-30,,1
977,Taylor Smit,taylor.smit613@mail.nl,UK,2024-12-27,,1
978,Sanne van Dijk,sanne.van.dijk101@retail.co.uk,DE,2024-12-02,,1
979,Taylor Kuipers,taylor.kuipers893@corp.local,BE,2024-11-25,,1
980,Luuk Vos,luuk.vos72@example.com,NL,2024-12-01,,1
981,Jesse Willems,jesse.willems412@retail.co.uk,UK,2024-12-24,,1
982,Eva Bakker,,UK,2024-12-08,,1
983,Taylor Kok,taylor.kok961@corp.local,UK,2024-11-27,,1
984,Eva Scholten,eva.scholten959@retail.co.uk,UK,2024-11-29,,1
985,Robin Bakker,robin.bakker417@retail.co.uk,DE,2025-01-16,,1
986,Jamie Kuipers,jamie.kuipers967@retail.co.uk,BE,2025-03-01,,1
987,Chris Visser,chris.visser803@mail.nl,UK,2025-02-22,,1
988,Eva Jansen,,DE,2024-11-25,,1
989,Lars de Boer,lars.de.boer278@example.com,FR,2025-03-17,,1
990,Casey Willems,casey.willems855@mail.nl,DE,2025-01-13,,1
991,Sam Klein,sam.klein649@example.com,DE,2024-12-31,,1
992,Jordan Klein,jordan.klein138@shop.eu,UK,2025-01-01,,1
993,Finn Klein,finn.klein978@retail.co.uk,UK,2025-01-13,,1
994,Casey Kuipers,casey.kuipers396@example.com,UK,2025-03-01,,1
995,Robin Mulder,robin.mulder48@corp.local,NL,2025-03-17,,1
996,Robin Klein,robin.klein517@corp.local,DE,2025-02-24,,1
997,Luuk de Boer,luuk.de.boer281@example.com,BE,2025-03-17,,1
998,Jamie Kok,jamie.kok358@shop.eu,BE,2025-03-03,,1
999,Jamie Visser,jamie.visser995@mail.nl,UK,2024-12-03,,1
1000,Drew Klein,drew.klein505@retail.co.uk,NL,2025-01-04,,1
